<?xml version="1.0" encoding="utf-8"?>
<COLLADA xmlns="http://www.collada.org/2005/11/COLLADASchema" version="1.4.1" xmlns:xsi="http://www.w3.org/2001/XMLSchema-instance">
  <asset>
    <contributor>
      <author>Blender User</author>
      <authoring_tool>Blender 2.79.0 commit date:2018-03-22, commit time:14:10, hash:f4dc9f9d68b</authoring_tool>
    </contributor>
    <created>2022-08-09T18:15:08</created>
    <modified>2022-08-09T18:15:08</modified>
    <unit name="meter" meter="1"/>
    <up_axis>Z_UP</up_axis>
  </asset>
  <library_images>
    <image id="OJ200101_COL_png" name="OJ200101_COL_png">
      <init_from>OJ200101_COL.png</init_from>
    </image>
    <image id="OJ200101_NRM_png" name="OJ200101_NRM_png">
      <init_from>OJ200101_NRM.png</init_from>
    </image>
    <image id="channels_oj200101_temp0000_b_png" name="channels_oj200101_temp0000_b_png">
      <init_from>channels/oj200101_temp0000_b.png</init_from>
    </image>
    <image id="channels_oj200101_temp0000_r_png" name="channels_oj200101_temp0000_r_png">
      <init_from>channels/oj200101_temp0000_r.png</init_from>
    </image>
  </library_images>
  <library_effects>
    <effect id="UniqueTombstone-effect">
      <profile_COMMON>
        <newparam sid="OJ200101_COL_png-surface">
          <surface type="2D">
            <init_from>OJ200101_COL_png</init_from>
          </surface>
        </newparam>
        <newparam sid="OJ200101_COL_png-sampler">
          <sampler2D>
            <source>OJ200101_COL_png-surface</source>
          </sampler2D>
        </newparam>
        <newparam sid="channels_oj200101_temp0000_b_png-surface">
          <surface type="2D">
            <init_from>channels_oj200101_temp0000_b_png</init_from>
          </surface>
        </newparam>
        <newparam sid="channels_oj200101_temp0000_b_png-sampler">
          <sampler2D>
            <source>channels_oj200101_temp0000_b_png-surface</source>
          </sampler2D>
        </newparam>
        <newparam sid="OJ200101_NRM_png-surface">
          <surface type="2D">
            <init_from>OJ200101_NRM_png</init_from>
          </surface>
        </newparam>
        <newparam sid="OJ200101_NRM_png-sampler">
          <sampler2D>
            <source>OJ200101_NRM_png-surface</source>
          </sampler2D>
        </newparam>
        <technique sid="common">
          <lambert>
            <emission>
              <color sid="emission">0 0 0 1</color>
            </emission>
            <ambient>
              <color sid="ambient">0 0 0 1</color>
            </ambient>
            <diffuse>
              <texture texture="OJ200101_COL_png-sampler"/>
            </diffuse>
            <specular>
              <texture texture="channels_oj200101_temp0000_b_png-sampler"/>
            </specular>
            <index_of_refraction>
              <float sid="index_of_refraction">1</float>
            </index_of_refraction>
          </lambert>
          <extra>
            <technique profile="FCOLLADA">
              <bump>
                <texture texture="OJ200101_NRM_png-sampler"/>
              </bump>
            </technique>
          </extra>
        </technique>
      </profile_COMMON>
    </effect>
  </library_effects>
  <library_materials>
    <material id="UniqueTombstone-material" name="UniqueTombstone">
      <instance_effect url="#UniqueTombstone-effect"/>
    </material>
  </library_materials>
  <library_geometries>
    <geometry id="UniqueTombstone-mesh" name="UniqueTombstone">
      <mesh>
        <source id="UniqueTombstone-mesh-positions">
          <float_array id="UniqueTombstone-mesh-positions-array" count="1668">0.103171 -0.05971699 1.658412 0.141462 -0.05971699 1.676763 0.05699199 -0.05971699 1.743342 0.08024698 -0.05971699 1.778093 -0.07695496 -0.05971699 1.735246 -0.090384 -0.05971699 1.76537 -0.102015 -0.05971699 1.760779 -0.132697 -0.06001096 1.643758 -0.167011 -0.05971699 1.665223 -0.146454 -0.06011098 1.638935 -0.178622 -0.05982697 1.652658 -0.124615 -0.060413 1.536386 -0.124316 -0.06055295 1.617628 -0.190483 -0.06033396 1.535223 -0.1910949 -0.06017899 1.635651 -0.118593 -0.059578 1.523988 -0.170337 -0.05928397 1.519628 -0.104317 -0.04955095 1.422207 -0.101635 -0.05772799 1.496525 -0.162777 -0.05574995 1.458302 0.03933697 -0.05675196 1.48203 -0.004907965 -0.05597198 1.470443 0.05060899 -0.04853999 1.415914 -0.004907965 -0.04602599 1.400256 0.06227797 -0.05749398 1.493043 0.08711498 -0.05502098 1.45633 0.07283395 -0.05747896 1.492825 0.09367597 -0.05545896 1.462827 0.122862 -0.05992996 1.647679 0.1424 -0.05971896 1.657831 0.183524 -0.175199 1.695128 0.123826 -0.175199 1.826678 0.1724269 -0.175199 1.83114 0.297533 -0.145009 1.935187 0.290864 -0.08022296 1.950346 -0.009799957 -0.1454679 1.934038 -0.02467399 -0.110615 2.09538 -0.09207898 -0.131193 1.979451 -0.195177 -0.120085 1.824692 -0.183277 -0.175199 1.832713 -0.263235 -0.10325 1.921115 -0.294691 -0.131898 1.981129 -0.2238759 -0.128671 1.672875 -0.241728 -0.175199 1.71393 -0.315213 -0.128671 1.723703 -0.405122 -0.153463 1.808525 -0.25678 -0.1762239 1.532952 -0.250702 -0.175383 1.653922 -0.416437 -0.137382 1.516108 -0.407248 -0.137807 1.703905 -0.212469 -0.135844 1.514036 -0.345456 -0.170379 1.493605 -0.138119 -0.142418 1.392954 -0.206173 -0.154202 1.415603 -0.238135 -0.126487 1.322684 -0.330983 -0.1266739 1.32148 0.127118 -0.150791 1.416595 0.217262 -0.1283659 1.346181 0.129257 -0.06953096 1.427445 0.211111 -0.05927699 1.363059 0.189927 -0.07877796 1.675984 0.146207 -0.06125998 1.583482 0.193635 -0.178697 1.581407 0.145342 -0.05997395 1.645542 0.189644 -0.175199 1.660981 0.125512 -0.06012099 1.638428 0.1207489 -0.06096196 1.597883 0.303883 -0.124198 2.019003 0.11707 -0.175199 1.858738 0.273147 -0.118052 2.050644 0.08012098 -0.143983 1.937752 0.172846 -0.110261 2.101505 0.04351097 -0.05971699 1.745212 0.05278396 -0.05971699 1.780841 0.13591 -0.122183 1.268871 0.07278096 -0.136224 1.375468 0.110564 -0.120336 1.242301 -0.004907965 -0.128445 1.347162 0.158397 -0.123444 1.284632 0.138978 -0.07113397 1.285388 0.140285 -0.16227 1.449002 0.252157 -0.134832 1.371537 0.07048296 -0.05949199 1.522718 0.09744995 -0.05699795 1.485691 0.14306 -0.06160497 1.566834 0.112225 -0.06109195 1.591607 -0.216554 -0.175199 1.826221 -0.341908 -0.147355 1.938172 -0.108171 -0.06098395 1.756228 -0.01629596 -0.05730497 1.334631 -0.007665991 -0.11527 1.127297 -0.01972395 -0.05183094 1.127297 -0.01714497 -0.05468595 1.454183 -0.01595795 -0.04463899 1.391623 -0.03937196 -0.127744 1.338395 -0.149167 -0.119911 1.234849 -0.205843 -0.121267 1.491186 -0.307245 -0.121268 1.464691 -0.16458 -0.05832397 1.505379 -0.111119 -0.05878996 1.512298 -0.17993 -0.05739498 1.482721 -0.231718 -0.166831 1.459093 -0.358342 -0.149101 1.408282 -0.112642 -0.14377 1.938283 -0.167987 -0.1101289 2.104234 -0.01984095 -0.05971699 1.744264 -0.026627 -0.05971699 1.767077 0.06187599 -0.059551 1.973035 0.01901596 -0.146459 1.931561 -0.02256494 -0.05971699 1.767655 -0.01693397 -0.05971699 1.76748 -0.03239697 -0.04396998 1.387457 -0.173281 -0.175199 1.795785 -0.139681 -0.120085 1.78864 -0.102233 -0.08996599 1.789095 -0.107442 -0.173686 1.863476 0.318778 -0.179011 1.551719 0.319781 -0.175199 1.711417 0.316903 -0.07959699 1.722066 0.243448 -0.175199 1.723513 0.09739595 -0.07877796 1.840155 0.193201 -0.179237 1.569606 0.193418 -0.136789 1.575507 0.1888999 -0.177521 1.541689 0.066141 -0.175199 1.858738 0.09716099 -0.06482297 2.083288 0.05264997 -0.127574 1.998083 0.063578 -0.104045 2.143301 -0.03280699 -0.175199 1.790843 -0.05251699 -0.175199 1.790035 -0.003166973 -0.101441 2.162295 -0.113351 -0.1066949 2.12397 -0.04697597 -0.101464 2.162124 -0.008143961 -0.06816297 1.918728 -0.004480957 -0.158275 1.902012 -0.017596 -0.07260596 1.894018 -0.06905299 -0.06168895 1.954731 -0.105135 -0.112326 1.961938 -0.06600195 -0.144021 1.937656 -0.03066498 -0.1532109 1.914676 0.03662896 -0.05971699 1.742739 0.03662896 -0.05971699 1.766507 -0.01704394 -0.175199 1.79041 0.03213095 -0.175199 1.789551 -0.03308498 -0.05516499 1.458463 -0.04244399 -0.11527 1.127297 -0.08933097 -0.175199 1.788228 -0.160168 -0.120085 1.814436 -0.110441 -0.131935 1.833437 -0.02374196 -0.08907395 1.790609 0.08504897 -0.11527 1.127297 0.314319 -0.168133 1.478485 0.234069 -0.175986 1.531355 0.313397 -0.170243 1.49269 0.236295 -0.178065 1.545347 0.278688 -0.07945799 1.536234 -0.001169979 -0.081689 1.052461 0.08242696 -0.081689 1.052461 -0.02677994 -0.081689 1.052461 -0.01001697 -0.03503495 1.052461 -0.09223598 -0.06583696 1.052461 -0.130272 -0.11527 1.123255 -0.130272 0 1.123255 -0.09223598 0 1.052461 0.337377 -0.175199 1.812907 0.377661 -0.08160197 1.942323 0.419919 -0.10057 1.800724 0.252636 -0.05004596 1.327299 0.272253 -0.07154798 1.299603 0.411338 -0.1006399 1.526877 0.334077 -0.04952895 1.512274 0.369497 -0.07959699 1.736689 0.427902 -0.10057 1.713297 0.375273 -0.09539598 1.458906 0.17608 -0.068116 1.213005 0.151153 -0.06769597 1.200181 0.206116 -0.06876796 1.232864 0.169383 -0.04420596 1.242424 0.324499 -0.07286196 1.32468 0.37699 -0.09061396 1.432996 0.1507 -0.06655597 1.165424 -0.02230095 -0.106344 2.126531 -0.114463 -0.05696099 2.042753 0.120988 0 1.052461 -0.07695496 0 1.735246 -0.01984095 0 1.744264 0.03662896 0 1.742739 0.04351097 0 1.745212 0.05699199 0 1.743342 0.103171 0 1.658412 0.122862 0 1.647679 0.125512 0 1.638428 0.1207489 0 1.597883 0.112225 0 1.591607 0.07048296 0 1.522718 0.07283395 0 1.492825 0.06227797 0 1.493043 0.03933697 0 1.48203 -0.004907965 0 1.470443 -0.01714497 0 1.454183 -0.03308498 0 1.458463 -0.101635 0 1.496525 -0.111119 0 1.512298 -0.118593 0 1.523988 -0.124615 0 1.536386 -0.124316 0 1.617628 -0.146454 0 1.638935 -0.132697 0 1.643758 -0.149167 0 1.234849 -0.238135 0 1.322684 -0.330983 0 1.32148 -0.358342 0 1.408282 -0.307245 0 1.464691 -0.345456 0 1.493605 -0.416437 0 1.516108 -0.407248 0 1.703905 -0.315213 0 1.723703 -0.405122 0 1.808525 -0.341908 0 1.938172 -0.263235 0 1.921115 -0.294691 0 1.981129 -0.167987 0 2.104234 -0.114463 0 2.042753 -0.113351 0 2.12397 -0.04697597 0 2.162124 -0.02230095 0 2.126531 -0.003166973 0 2.162295 0.063578 0 2.143301 0.09716099 0 2.083288 0.172846 0 2.101505 0.273147 0 2.050644 0.303883 0 2.019003 0.290864 0 1.950346 0.377661 0 1.942323 0.419919 0 1.800724 0.369497 0 1.736689 0.427902 0 1.713297 0.411338 0 1.526877 0.334077 0 1.512274 0.375273 0 1.458906 0.37699 0 1.432996 0.324499 0 1.32468 0.252636 0 1.327299 0.272253 0 1.299603 0.206116 0 1.232864 0.169383 0 1.242424 0.17608 0 1.213005 0.151153 0 1.200181 0.1507 0 1.165424 0.08024698 0.05971699 1.778093 0.141462 0.05971699 1.676763 0.05699199 0.05971699 1.743342 0.103171 0.05971699 1.658412 -0.07695496 0.05971699 1.735246 -0.102015 0.05971699 1.760779 -0.090384 0.05971699 1.76537 -0.178622 0.05982697 1.652658 -0.167011 0.05971699 1.665223 -0.146454 0.06011098 1.638935 -0.132697 0.06001096 1.643758 -0.124615 0.060413 1.536386 -0.190483 0.06033396 1.535223 -0.124316 0.06055295 1.617628 -0.1910949 0.06017899 1.635651 -0.118593 0.059578 1.523988 -0.170337 0.05928397 1.519628 -0.104317 0.04955095 1.422207 -0.162777 0.05574995 1.458302 -0.101635 0.05772799 1.496525 0.03933697 0.05675196 1.48203 0.05060899 0.04853999 1.415914 -0.004907965 0.05597198 1.470443 -0.004907965 0.04602599 1.400256 0.09367597 0.05545896 1.462827 0.08711498 0.05502098 1.45633 0.07283395 0.05747896 1.492825 0.06227797 0.05749398 1.493043 0.122862 0.05992996 1.647679 0.1424 0.05971896 1.657831 0.123826 0.175199 1.826678 0.183524 0.175199 1.695128 0.1724269 0.175199 1.83114 0.290864 0.08022296 1.950346 0.297533 0.145009 1.935187 -0.009799957 0.1454679 1.934038 -0.09207898 0.131193 1.979451 -0.02467399 0.110615 2.09538 -0.195177 0.120085 1.824692 -0.263235 0.10325 1.921115 -0.183277 0.175199 1.832713 -0.294691 0.131898 1.981129 -0.2238759 0.128671 1.672875 -0.315213 0.128671 1.723703 -0.241728 0.175199 1.71393 -0.405122 0.153463 1.808525 -0.25678 0.1762239 1.532952 -0.416437 0.137382 1.516108 -0.250702 0.175383 1.653922 -0.407248 0.137807 1.703905 -0.212469 0.135844 1.514036 -0.345456 0.170379 1.493605 -0.138119 0.142418 1.392954 -0.238135 0.126487 1.322684 -0.206173 0.154202 1.415603 -0.330983 0.1266739 1.32148 0.211111 0.05927699 1.363059 0.217262 0.1283659 1.346181 0.129257 0.06953096 1.427445 0.127118 0.150791 1.416595 0.189927 0.07877796 1.675984 0.189644 0.175199 1.660981 0.193635 0.178697 1.581407 0.145342 0.05997395 1.645542 0.146207 0.06125998 1.583482 0.125512 0.06012099 1.638428 0.1207489 0.06096196 1.597883 0.303883 0.124198 2.019003 0.172846 0.110261 2.101505 0.273147 0.118052 2.050644 0.08012098 0.143983 1.937752 0.11707 0.175199 1.858738 0.05278396 0.05971699 1.780841 0.04351097 0.05971699 1.745212 -0.004907965 0.128445 1.347162 0.07278096 0.136224 1.375468 0.110564 0.120336 1.242301 0.13591 0.122183 1.268871 0.158397 0.123444 1.284632 0.138978 0.07113397 1.285388 0.140285 0.16227 1.449002 0.252157 0.134832 1.371537 0.07048296 0.05949199 1.522718 0.09744995 0.05699795 1.485691 0.14306 0.06160497 1.566834 0.112225 0.06109195 1.591607 -0.216554 0.175199 1.826221 -0.341908 0.147355 1.938172 -0.108171 0.06098395 1.756228 -0.007665991 0.11527 1.127297 -0.01629596 0.05730497 1.334631 -0.01972395 0.05183094 1.127297 -0.01714497 0.05468595 1.454183 -0.01595795 0.04463899 1.391623 -0.149167 0.119911 1.234849 -0.03937196 0.127744 1.338395 -0.205843 0.121267 1.491186 -0.307245 0.121268 1.464691 -0.16458 0.05832397 1.505379 -0.111119 0.05878996 1.512298 -0.17993 0.05739498 1.482721 -0.358342 0.149101 1.408282 -0.231718 0.166831 1.459093 -0.112642 0.14377 1.938283 -0.167987 0.1101289 2.104234 -0.026627 0.05971699 1.767077 -0.01984095 0.05971699 1.744264 0.06187599 0.059551 1.973035 0.01901596 0.146459 1.931561 -0.02256494 0.05971699 1.767655 -0.01693397 0.05971699 1.76748 -0.03239697 0.04396998 1.387457 -0.173281 0.175199 1.795785 -0.139681 0.120085 1.78864 -0.102233 0.08996599 1.789095 -0.107442 0.173686 1.863476 0.318778 0.179011 1.551719 0.319781 0.175199 1.711417 0.316903 0.07959699 1.722066 0.243448 0.175199 1.723513 0.09739595 0.07877796 1.840155 0.193201 0.179237 1.569606 0.193418 0.136789 1.575507 0.1888999 0.177521 1.541689 0.066141 0.175199 1.858738 0.09716099 0.06482297 2.083288 0.063578 0.104045 2.143301 0.05264997 0.127574 1.998083 -0.05251699 0.175199 1.790035 -0.03280699 0.175199 1.790843 -0.003166973 0.101441 2.162295 -0.113351 0.1066949 2.12397 -0.04697597 0.101464 2.162124 -0.008143961 0.06816297 1.918728 -0.004480957 0.158275 1.902012 -0.017596 0.07260596 1.894018 -0.06905299 0.06168895 1.954731 -0.105135 0.112326 1.961938 -0.06600195 0.144021 1.937656 -0.03066498 0.1532109 1.914676 0.03662896 0.05971699 1.766507 0.03662896 0.05971699 1.742739 0.03213095 0.175199 1.789551 -0.01704394 0.175199 1.79041 -0.03308498 0.05516499 1.458463 -0.04244399 0.11527 1.127297 -0.08933097 0.175199 1.788228 -0.160168 0.120085 1.814436 -0.110441 0.131935 1.833437 -0.02374196 0.08907395 1.790609 0.08504897 0.11527 1.127297 0.313397 0.170243 1.49269 0.314319 0.168133 1.478485 0.234069 0.175986 1.531355 0.236295 0.178065 1.545347 0.278688 0.07945799 1.536234 0.08242696 0.081689 1.052461 -0.001169979 0.081689 1.052461 -0.01001697 0.03503495 1.052461 -0.02677994 0.081689 1.052461 -0.130272 0.11527 1.123255 -0.09223598 0.06583696 1.052461 0.377661 0.08160197 1.942323 0.337377 0.175199 1.812907 0.419919 0.10057 1.800724 0.272253 0.07154798 1.299603 0.252636 0.05004596 1.327299 0.334077 0.04952895 1.512274 0.411338 0.1006399 1.526877 0.369497 0.07959699 1.736689 0.427902 0.10057 1.713297 0.375273 0.09539598 1.458906 0.17608 0.068116 1.213005 0.151153 0.06769597 1.200181 0.206116 0.06876796 1.232864 0.169383 0.04420596 1.242424 0.324499 0.07286196 1.32468 0.37699 0.09061396 1.432996 0.1507 0.06655597 1.165424 -0.02230095 0.106344 2.126531 -0.114463 0.05696099 2.042753 -0.133518 0.129544 0.698517 -0.20047 0 0.706267 -0.198938 0.186561 0.99329 -0.28134 0 0.99329 0 0.183202 0.698517 0 0.268963 0.99329 0.133518 0.129544 0.698517 0.198938 0.186561 0.99329 0.20047 0 0.706267 0.28134 0 0.99329 -0.177175 0 0.690767 0.177175 0 0.690767 -0.1480399 0 0.575408 -0.10468 0.08543896 0.575408 0 0.120829 0.575408 0.10468 0.08543896 0.575408 0.1480399 0 0.575408 -0.156473 0.06906098 1.126829 -0.127434 0.142431 1.052461 -0.05065095 0.145346 1.126829 0 0.201427 1.052461 0.05065095 0.145346 1.126829 0.127434 0.142431 1.052461 0.165786 0.06906098 1.126829 0.238521 0 1.052461 -0.227346 0 1.052461 -0.238809 0.19997 0.303675 -0.253619 0.19997 0.221935 -0.39602 0.19997 0.342766 -0.413136 0.19997 0.221935 -0.197337 0.141432 0.575408 0 0.141432 0.575408 -0.470601 0.274684 0.2218019 -0.115912 0.19997 0.427216 0 0.19997 0.442132 -0.1144 0.171756 0.422416 0 0.171756 0.437333 -0.247904 0.171756 0.2267349 -0.234185 0.171756 0.30225 -0.1856099 0.19997 0.381265 -0.182543 0.171756 0.378152 -0.274154 0.19997 0.529763 0 0.19997 0.529762 -0.342875 0.19997 0.452101 -0.197337 0 0.575408 0.238809 0.19997 0.303675 0.39602 0.19997 0.342766 0.253619 0.19997 0.221935 0.413136 0.19997 0.221935 0.197337 0.141432 0.575408 0.470601 0.274684 -0.533662 -0.470601 0.274684 -0.533662 0.470601 0.274684 0.2218019 0.115912 0.19997 0.427216 0.1144 0.171756 0.422416 0.247904 0.171756 0.2267349 0.234185 0.171756 0.30225 0.182543 0.171756 0.378152 0.1856099 0.19997 0.381265 0.274154 0.19997 0.529763 0.342875 0.19997 0.452101 0 0.171756 0.2267349 0.274154 0 0.529763 0.197337 0 0.575408 0.342875 0 0.452101 0.39602 0 0.342766 0.413136 0 0.221935 0.470601 0 0.2218019 0.470601 0 -0.533662 -0.470601 0 -0.533662 -0.470601 0 0.2218019 -0.413136 0 0.221935 -0.39602 0 0.342766 -0.342875 0 0.452101 -0.274154 0 0.529763 -0.133518 -0.129544 0.698517 -0.198938 -0.186561 0.99329 0 -0.183202 0.698517 0 -0.268963 0.99329 0.198938 -0.186561 0.99329 0.133518 -0.129544 0.698517 -0.10468 -0.08543896 0.575408 0 -0.120829 0.575408 0.10468 -0.08543896 0.575408 -0.156473 -0.06906098 1.126829 -0.127434 -0.142431 1.052461 -0.05065095 -0.145346 1.126829 0 -0.201427 1.052461 0.05065095 -0.145346 1.126829 0.127434 -0.142431 1.052461 0.165786 -0.06906098 1.126829 -0.238809 -0.19997 0.303675 -0.39602 -0.19997 0.342766 -0.253619 -0.19997 0.221935 -0.413136 -0.19997 0.221935 -0.197337 -0.141432 0.575408 0 -0.141432 0.575408 -0.470601 -0.274684 0.2218019 -0.115912 -0.19997 0.427216 -0.1144 -0.171756 0.422416 0 -0.19997 0.442132 0 -0.171756 0.437333 -0.247904 -0.171756 0.2267349 -0.234185 -0.171756 0.30225 -0.182543 -0.171756 0.378152 -0.1856099 -0.19997 0.381265 -0.274154 -0.19997 0.529763 0 -0.19997 0.529762 -0.342875 -0.19997 0.452101 0.238809 -0.19997 0.303675 0.253619 -0.19997 0.221935 0.39602 -0.19997 0.342766 0.413136 -0.19997 0.221935 0.197337 -0.141432 0.575408 0.470601 -0.274684 -0.533662 0.470601 -0.274684 0.2218019 -0.470601 -0.274684 -0.533662 0.115912 -0.19997 0.427216 0.1144 -0.171756 0.422416 0.247904 -0.171756 0.2267349 0.234185 -0.171756 0.30225 0.1856099 -0.19997 0.381265 0.182543 -0.171756 0.378152 0.274154 -0.19997 0.529763 0.342875 -0.19997 0.452101 0 -0.171756 0.2267349</float_array>
          <technique_common>
            <accessor source="#UniqueTombstone-mesh-positions-array" count="556" stride="3">
              <param name="X" type="float"/>
              <param name="Y" type="float"/>
              <param name="Z" type="float"/>
            </accessor>
          </technique_common>
        </source>
        <source id="UniqueTombstone-mesh-normals">
          <float_array id="UniqueTombstone-mesh-normals-array" count="1668">-0.3224967 -0.8238667 -0.4660897 -0.540261 -0.6479348 -0.5369344 -0.3528976 -0.8855248 -0.3021741 -0.467683 -0.8072445 -0.3600402 -0.4096922 -0.8905557 -0.1976435 -0.3783755 -0.9220425 0.08166903 -0.5816422 -0.8114851 -0.05643069 -0.6553003 -0.7545169 -0.03585958 -0.5039006 -0.805185 0.312668 -0.5755574 -0.8152534 0.06399828 -0.5527945 -0.6654105 0.5016444 -0.559656 -0.809667 0.1767045 -0.7424731 -0.6530821 0.1490561 -0.417777 -0.9085254 0.00665313 -0.3087623 -0.9262564 0.2161366 -0.2167783 -0.9488745 0.2294438 -0.1626061 -0.6830799 0.7120121 -0.387405 -0.8746064 0.2915151 -0.3427268 -0.8472646 0.4058093 -0.2521775 -0.7628805 0.5953318 -0.4304098 -0.6830158 0.5901159 -0.2209295 -0.9205549 0.3221316 -0.3693416 -0.908888 0.1936739 -0.1530246 -0.9039254 0.3993777 0.2469305 -0.9255851 0.2869106 0.2665861 -0.782332 0.5629286 0.2998259 -0.8657227 0.4007851 0.3888163 -0.845172 0.3667508 0.4673385 -0.7879719 0.4008679 0.6149699 -0.7135176 0.3357155 0.6208613 -0.7813336 -0.06363344 0.347429 -0.9351346 -0.06940031 0.6163666 -0.7304474 0.2941749 0.3740404 -0.910167 0.1780171 0.6280897 -0.7702187 0.110755 0.5357969 -0.7915793 0.2938094 0.7139062 -0.6305887 0.30446 0.5308149 -0.8358817 -0.1397764 0.2979004 -0.9535806 -0.04403954 0.3679372 -0.8823046 -0.2935318 0.4843174 -0.6410056 -0.5954397 0.3455376 -0.899643 -0.2669203 0.4242155 -0.855542 -0.2967983 0.3316216 -0.8112308 -0.4815929 0.2864829 -0.8963463 -0.3383653 0.002014219 -0.8209229 -0.5710356 0.05298209 -0.7873159 -0.6142693 0.04434424 -0.7283388 -0.6837809 0.6282639 -0.7660876 -0.1356263 -0.2430838 -0.5499828 -0.7990178 -0.4117377 -0.6076419 -0.679149 -0.02639925 -0.8664152 -0.4986259 0.2050911 -0.9744882 0.09116178 0.03271645 -0.7657247 -0.642336 -0.01550394 -0.7741906 -0.6327628 0.1178343 -0.6677586 -0.7349922 0.178876 -0.8503707 -0.4948466 0.06656247 -0.7650873 -0.6404772 0.4073075 -0.7865985 -0.4640729 -0.1724312 -0.7147197 -0.6778225 -0.564813 -0.8248339 -0.02520859 -0.5481537 -0.7182977 0.4284577 -0.03964424 -0.9912284 0.1260742 0.2999747 -0.7873077 -0.5386666 0.1322087 -0.9590626 0.2504397 0.4329472 -0.8958949 -0.09964561 0.7552577 -0.3194746 0.5722953 -0.0198068 -0.671784 0.7404822 -0.2559955 -0.7380472 -0.6243019 0.625185 -0.2969514 0.7217782 0.8951593 -0.4046849 -0.1868692 0.7462117 -0.5733165 0.3383437 0.9822862 0 -0.1873869 0.6338226 0 0.7734785 0.7987384 0 0.6016784 0.966028 0 0.2584376 -0.5180629 -0.8107722 -0.2725057 0.1058696 -0.7493276 -0.6536818 -8.85057e-4 -0.9866555 0.1628199 0.608108 -0.7627826 -0.219926 -0.0739485 -0.9823589 0.1717633 0.1940391 -0.971569 -0.1356565 -0.6911402 -0.5805993 0.4303833 0.5129743 -0.7518211 0.4142737 0.5285031 -0.6012001 0.5993689 -0.3183469 -0.5337523 0.7834308 0.1812512 -0.5222378 0.8333161 -0.01431351 -0.9180519 0.3962019 -0.3904652 0 0.9206177 0.6201439 0 0.7844882 -0.05740696 0 0.9983509 0.3827972 -0.5085346 0.7712709 -0.08536159 -0.9868013 0.1376101 0.4006235 0 0.9162428 0.2196472 0 0.9755795 -0.8621005 0 0.5067374 -0.3592434 -0.4856546 0.7969216 -0.3441336 0 0.9389207 -0.7217465 -0.5762618 0.3834116 -0.2742449 -0.8046979 -0.5265465 -0.8046023 -0.5693621 0.1686478 0.1017204 -0.8860023 0.4523858 -0.1018711 -0.9947544 0.009277641 -0.4435654 -0.6756637 -0.5888366 0.0260629 -0.7813682 -0.6235259 0.2472646 -0.6207556 0.7439911 0.6456544 -0.6284114 0.4338544 0.09094536 -0.5143908 0.8527199 -0.9874642 0 0.1578429 -0.7956209 0 0.6057949 0.04171937 0 0.9991294 0.09500533 -0.9805417 0.1717908 0.5661638 -0.6774677 -0.4695702 0.03564661 -0.9013289 -0.4316661 -0.5979038 -0.8011013 -0.02734529 0.7018898 -0.68428 -0.197767 0.03036677 -0.8568632 -0.5146489 -0.8152069 -0.5622612 -0.1389248 0.3281443 -0.8341859 0.4432328 0.6048037 -0.7661294 0.2173899 -0.3135225 -0.5535856 0.7715224 -0.9837726 0 -0.1794198 -0.963184 0 0.2688431 -0.4365738 0 0.8996686 -0.7401309 -0.4950584 -0.4551083 0.364494 -0.9045361 -0.2212661 0.4106304 -0.8729901 0.2631941 -0.3128859 -0.8303442 -0.4611192 0.6714145 -0.7390137 0.05533063 -0.6483576 -0.5294534 0.5470937 -0.762333 0 0.647185 -0.8211129 0 -0.5707658 -0.4594644 0 -0.8881962 -0.2027723 -0.7127856 -0.6714315 0.2994903 -0.8721324 0.3868989 0.3367488 -0.9381906 0.0799908 -0.4796016 -0.4959291 -0.7239039 0.2095466 -0.8898864 0.4052069 -0.7585357 -0.6392343 0.126504 -0.5861211 0 -0.8102236 -0.9769076 0 0.2136623 -0.37371 0 -0.9275456 -0.9956325 0 -0.09335863 -0.731631 -0.6794741 -0.05505615 0.7329497 -0.6724911 -0.1026666 -0.06689703 -0.9379624 0.3402227 0.1010198 -0.8070598 0.5817642 0.6248827 -0.7422295 0.2421096 -0.3170012 -0.9049504 0.2838575 -0.2040484 -0.7401715 -0.6407108 0.2410729 -0.9480248 -0.2076846 0.6404125 -0.7638927 0.07962429 -0.6222246 -0.7330701 0.2746724 0.3864306 -0.8049365 -0.4502761 0.8524529 -0.3712315 -0.3681185 0.3281157 -0.9085366 -0.2586532 0.9055104 -0.379356 -0.1901053 -0.6109872 -0.7672132 -0.1951375 0.7714938 -0.4540945 -0.4456407 0.9908891 0 -0.1346801 0.8502607 0 -0.526362 0.6109932 0 0.7916359 0.3657987 -0.4645576 0.80646 -0.6235393 -0.2436048 0.7428697 -0.02801626 -0.9910084 -0.1308343 -0.1676083 -0.9263927 0.3372002 -0.1187185 -0.8813553 0.4572952 0.9064863 0 -0.4222354 0.6724259 -0.4409085 -0.5945108 0.1812817 -0.4046184 -0.8963375 0.9212026 -0.3761231 -0.09958529 0.2644755 0 -0.9643925 0.996617 0 -0.08218669 0.696143 0 -0.7179033 0.8289625 -0.4579101 -0.3211535 0.1775876 -0.9840413 0.0112003 0.8797401 0 -0.4754552 -0.5034462 -0.7136021 -0.487149 -0.4074597 -0.9119396 -0.0484032 -0.5596553 -0.6957085 0.4503061 0.1552833 -0.7969259 -0.5837776 0.6577174 -0.3900038 -0.6444416 0.7887228 -0.3881811 0.4766885 0.086461 -0.7617602 0.6420638 0.8522028 0 0.5232118 0.7409557 0 -0.671554 0.8767279 -0.3926613 -0.2777866 0.5368992 -0.8254002 -0.1745105 0.9347293 0 -0.3553607 0.7740556 -0.5881333 0.2343866 0.4271832 -0.5895782 0.6855013 -0.1460038 -0.9120662 -0.3831685 -0.1921502 -0.8335156 0.5180059 -0.009186208 -0.5812975 0.8136394 0.5928617 0 0.8053043 0.9577474 0 0.2876111 0.1162781 0 0.9932167 -0.3638439 -0.583548 0.7260093 0.2266083 -0.9628643 -0.1467689 -0.6462937 -0.6513598 0.3975361 0.3414506 -0.7010297 -0.6260742 -0.6012855 -0.6590579 -0.4517728 -0.06671571 -0.7365282 -0.6731086 -0.6338908 -0.7168734 -0.2903018 -0.4884518 -0.8707901 0.05603229 0.4183289 -0.8768517 -0.2369218 0.8869111 -0.3798388 -0.2628902 0.4582452 -0.3766065 -0.8050956 0.5154649 0 -0.8569108 0.9815211 0 -0.191354 0.8970592 -0.3231098 0.3014715 0.9352702 0 0.3539347 0.3419913 -0.9396978 0.003204405 0.487607 -0.7857195 0.3806368 -0.2349404 -0.7179143 0.6552879 0.5981181 -0.7344174 0.3207583 -0.5432073 -0.7604719 -0.3558208 0.6083983 -0.7547374 0.2454041 0.5090572 -0.8370451 -0.2005404 -0.6247931 -0.6818949 -0.3803327 0.6073965 -0.1619052 0.7777251 -0.8871024 0 -0.4615728 -0.9459227 0 -0.3243922 -0.7573663 0 0.6529904 -0.2678368 -0.5549617 0.7875792 0.5564316 0 -0.8308935 0.6290955 0 -0.777328 0.06473028 0 -0.9979028 0.1583035 0 -0.9873906 0.1033677 0 -0.9946433 -0.5689989 0 -0.8223383 -0.7074729 0 -0.7067405 -0.7804726 0 -0.6251899 -0.9967193 0 -0.08093631 -0.8645572 0 0.5025345 -0.7381631 0 0.6746225 -0.9729469 0 0.2310291 -0.7272738 0 0.6863475 -0.2118316 0 0.9773062 -0.3446232 0 0.9387412 -0.5570925 0 0.8304505 -0.3256059 0 0.9455056 0.3751709 0 0.9269557 0.6947938 0 0.719209 0.8498415 0 0.5270385 0.872504 0 0.4886071 0.9749642 0 0.2223623 0.9209054 0 0.3897864 0.9770799 0 -0.2128731 -0.3224967 0.8238667 -0.4660897 -0.4096922 0.8905557 -0.1976435 -0.3528976 0.8855248 -0.3021741 0.4073075 0.7865985 -0.4640729 -0.540261 0.6479348 -0.5369344 -0.467683 0.8072445 -0.3600402 -0.3783755 0.9220425 0.08166903 -0.5816422 0.8114851 -0.05643069 -0.6552828 0.754532 -0.0358603 -0.5039006 0.805185 0.312668 -0.5755574 0.8152534 0.06399828 -0.5527945 0.6654105 0.5016444 -0.559656 0.809667 0.1767045 -0.7424731 0.6530821 0.1490561 -0.417777 0.9085254 0.00665313 -0.3087623 0.9262564 0.2161366 -0.2167783 0.9488745 0.2294438 -0.387405 0.8746064 0.2915151 -0.1626061 0.6830799 0.7120121 -0.3427268 0.8472646 0.4058093 -0.2521775 0.7628805 0.5953318 -0.4304098 0.6830158 0.5901159 -0.2209295 0.9205549 0.3221316 -0.3693416 0.908888 0.1936739 -0.1530246 0.9039254 0.3993777 0.2469305 0.9255851 0.2869106 0.2665861 0.782332 0.5629286 0.2998259 0.8657227 0.4007851 0.4673385 0.7879719 0.4008679 0.3888163 0.845172 0.3667508 0.6149635 0.7135103 0.3357426 0.6208613 0.7813336 -0.06363344 0.6163666 0.7304474 0.2941749 0.347429 0.9351346 -0.06940031 0.3740404 0.910167 0.1780171 0.6280897 0.7702187 0.110755 0.5357969 0.7915793 0.2938094 0.7139062 0.6305887 0.30446 0.2979004 0.9535806 -0.04403954 0.5308149 0.8358817 -0.1397764 0.3679372 0.8823046 -0.2935318 0.3455376 0.899643 -0.2669203 0.4843174 0.6410056 -0.5954397 0.3316216 0.8112308 -0.4815929 0.4242155 0.855542 -0.2967983 0.002014219 0.8209229 -0.5710356 0.2864829 0.8963463 -0.3383653 0.04434424 0.7283388 -0.6837809 0.05298209 0.7873159 -0.6142693 -0.2430838 0.5499828 -0.7990178 0.6282639 0.7660876 -0.1356263 -0.4117377 0.6076419 -0.679149 0.2050911 0.9744882 0.09116178 -0.02639925 0.8664152 -0.4986259 0.03271645 0.7657247 -0.642336 -0.01550394 0.7741906 -0.6327628 0.1178343 0.6677586 -0.7349922 0.178876 0.8503707 -0.4948466 0.06656247 0.7650873 -0.6404772 -0.5481537 0.7182977 0.4284577 -0.1724312 0.7147197 -0.6778225 -0.03964424 0.9912284 0.1260742 -0.2559955 0.7380472 -0.6243019 -0.0198068 0.671784 0.7404822 0.7552577 0.3194746 0.5722953 0.2999747 0.7873077 -0.5386666 -0.564813 0.8248339 -0.02520859 0.1322087 0.9590626 0.2504397 0.4329472 0.8958949 -0.09964561 0.625185 0.2969514 0.7217782 0.8951593 0.4046849 -0.1868692 0.7462117 0.5733165 0.3383437 -8.85057e-4 0.9866555 0.1628199 0.1058696 0.7493276 -0.6536818 -0.5180629 0.8107722 -0.2725057 0.608108 0.7627826 -0.219926 -0.0739485 0.9823589 0.1717633 0.1940391 0.971569 -0.1356565 -0.08536159 0.9868013 0.1376101 0.5285031 0.6012001 0.5993689 0.3827972 0.5085346 0.7712709 -0.3183469 0.5337523 0.7834308 0.1812512 0.5222378 0.8333161 -0.01431351 0.9180519 0.3962019 -0.6911402 0.5805993 0.4303833 0.5129743 0.7518211 0.4142737 -0.3592434 0.4856546 0.7969216 -0.2742449 0.8046979 -0.5265465 -0.7217465 0.5762618 0.3834116 -0.8046023 0.5693621 0.1686478 0.1017204 0.8860023 0.4523858 -0.1018711 0.9947544 0.009277641 0.09094536 0.5143908 0.8527199 0.2472646 0.6207556 0.7439911 0.6456544 0.6284114 0.4338544 0.5661638 0.6774677 -0.4695702 0.0260629 0.7813682 -0.6235259 -0.4435654 0.6756637 -0.5888366 0.03564661 0.9013289 -0.4316661 0.09500581 0.9805468 0.1717612 0.03036677 0.8568632 -0.5146489 0.7018898 0.68428 -0.197767 -0.5979038 0.8011013 -0.02734529 -0.8152069 0.5622612 -0.1389248 0.3281443 0.8341859 0.4432328 -0.3135225 0.5535856 0.7715224 0.6048037 0.7661294 0.2173899 0.4106304 0.8729901 0.2631941 0.364494 0.9045361 -0.2212661 -0.7401309 0.4950584 -0.4551083 0.6714145 0.7390137 0.05533063 -0.3128859 0.8303442 -0.4611192 -0.6483576 0.5294534 0.5470937 0.3367488 0.9381906 0.0799908 0.2994903 0.8721324 0.3868989 -0.2027723 0.7127856 -0.6714315 -0.4796016 0.4959291 -0.7239039 0.2095466 0.8898864 0.4052069 -0.7585357 0.6392343 0.126504 -0.731631 0.6794741 -0.05505615 0.7329497 0.6724911 -0.1026666 -0.06689703 0.9379624 0.3402227 0.1775876 0.9840413 0.0112003 0.6248827 0.7422295 0.2421096 0.8289625 0.4579101 -0.3211535 0.1010198 0.8070598 0.5817642 -0.2040484 0.7401715 -0.6407108 0.9212026 0.3761231 -0.09958529 0.1812817 0.4046184 -0.8963375 -0.3170012 0.9049504 0.2838575 0.3864306 0.8049365 -0.4502761 0.2410729 0.9480248 -0.2076846 -0.6222246 0.7330701 0.2746724 0.6404125 0.7638927 0.07962429 0.8524529 0.3712315 -0.3681185 0.6724259 0.4409085 -0.5945108 0.7714938 0.4540945 -0.4456407 0.9055104 0.379356 -0.1901053 0.3281157 0.9085366 -0.2586532 -0.6109872 0.7672132 -0.1951375 -0.1676083 0.9263927 0.3372002 -0.02801626 0.9910084 -0.1308343 -0.6235393 0.2436048 0.7428697 0.3657987 0.4645576 0.80646 -0.1187185 0.8813553 0.4572952 -0.5596553 0.6957085 0.4503061 -0.5034462 0.7136021 -0.487149 0.086461 0.7617602 0.6420638 0.1552833 0.7969259 -0.5837776 -0.4074597 0.9119396 -0.0484032 0.5368992 0.8254002 -0.1745105 0.7887228 0.3881811 0.4766885 0.6577174 0.3900038 -0.6444416 0.8767279 0.3926613 -0.2777866 0.7740556 0.5881333 0.2343866 -0.1460038 0.9120662 -0.3831685 0.4271832 0.5895782 0.6855013 -0.1921502 0.8335156 0.5180059 -0.009186208 0.5812975 0.8136394 0.2266083 0.9628643 -0.1467689 -0.3638439 0.583548 0.7260093 -0.6462937 0.6513598 0.3975361 0.3414506 0.7010297 -0.6260742 -0.6012855 0.6590579 -0.4517728 -0.6338908 0.7168734 -0.2903018 -0.06671571 0.7365282 -0.6731086 -0.4884518 0.8707901 0.05603229 0.4183289 0.8768517 -0.2369218 0.4582452 0.3766065 -0.8050956 0.8869111 0.3798388 -0.2628902 0.8970592 0.3231098 0.3014715 0.3419913 0.9396978 0.003204405 0.487607 0.7857195 0.3806368 -0.2349404 0.7179143 0.6552879 0.5981181 0.7344174 0.3207583 -0.5432073 0.7604719 -0.3558208 0.6083983 0.7547374 0.2454041 0.5090572 0.8370451 -0.2005404 -0.6247931 0.6818949 -0.3803327 0.6073965 0.1619052 0.7777251 -0.2678368 0.5549617 0.7875792 -0.6788989 0.7084109 0.1930032 -0.6406856 0.6810622 -0.3545088 -0.8380069 0 -0.5456597 0 0.9821344 0.1881806 0 0.9329983 -0.3598808 -0.7768781 0 -0.6296511 0 0.7746314 0.6324132 -0.5060777 0.5233824 0.6855336 -0.6587876 0 0.752329 0.6406856 0.6810622 -0.3545088 0.5060777 0.5233824 0.6855336 0.6756619 0.7132309 0.186502 0.8380069 0 -0.5456597 -0.02908504 0.02084475 0.9993596 0.1080387 0.02609407 0.9938042 -0.9854828 0 0.1697761 -0.02108842 0.06415027 0.9977174 -0.3978174 0.1983441 0.8957684 -0.6216421 0 0.7833014 -0.009125173 0.5311834 0.8472078 0.3768473 0.1981897 0.9048243 0.07379394 0.0424208 0.9963709 0.990058 0 0.1406608 0.6913238 0 0.7225451 0.7768781 0 -0.6296511 0.6587876 0 0.752329 -0.7066754 0.6737756 0.2159548 0.5447377 0.8084543 -0.2228513 0.267558 0.4449025 0.854678 -0.6115738 0.6778309 0.4080719 0.4186645 0.8013162 -0.427332 -0.2907586 0.267106 0.9187567 -0.4113022 0.6765717 0.6108037 0.2014297 0.8140508 -0.5447453 0 0.8985812 0.4388072 -0.1962669 0.2606922 0.9452613 0 0.7909567 -0.6118721 0.4113022 0.6765717 0.6108037 -0.2014297 0.8140508 -0.5447453 -0.4186645 0.8013162 -0.427332 0.1962669 0.2606922 0.9452613 0 0.3251224 0.945672 0.6115738 0.6778309 0.4080719 0.7066754 0.6737756 0.2159548 -0.5447377 0.8084543 -0.2228513 -0.267558 0.4449025 0.854678 0.2907586 0.267106 0.9187567 -0.2648755 0 0.9642826 0.2648755 0 0.9642826 -0.577513 0.577574 0.5769636 0.577513 0.577574 0.5769636 0 0.7641105 0.6450854 0.5744018 0.66364 0.4792124 -0.5744018 0.66364 0.4792124 0.5773503 0.5773503 -0.5773503 -0.5773503 0.5773503 -0.5773503 -0.7079304 0 0.7062824 -0.6565232 0 0.7543059 0.7079304 0 0.7062824 0.6565232 0 0.7543059 0.2407977 0.7231867 -0.6473156 0 0.7386004 -0.6741434 -0.2407977 0.7231867 -0.6473156 -0.4850111 0.7205582 -0.4955402 -0.6377005 0.7237344 -0.2637172 0.4850111 0.7205582 -0.4955402 0.6377005 0.7237344 -0.2637172 0.6375209 0 0.7704331 0.8318203 0 0.5550453 0.9563422 0 0.2922496 0.7071068 0 -0.7071068 -0.7071068 0 -0.7071068 -0.9563422 0 0.2922496 -0.8318203 0 0.5550453 -0.6375209 0 0.7704331 -0.6406856 -0.6810622 -0.3545088 -0.6788989 -0.7084109 0.1930032 0 -0.9329983 -0.3598808 0 -0.9821344 0.1881806 0 -0.7746314 0.6324132 -0.5060777 -0.5233824 0.6855336 0.6406856 -0.6810622 -0.3545088 0.6756619 -0.7132309 0.186502 -0.02908504 -0.02084475 0.9993596 0.1080387 -0.02609407 0.9938042 -0.3978174 -0.1983441 0.8957684 -0.02108842 -0.06415027 0.9977174 -0.009125173 -0.5311834 0.8472078 0.3768473 -0.1981897 0.9048243 0.07379394 -0.0424208 0.9963709 0.5060777 -0.5233824 0.6855336 0.267558 -0.4449025 0.854678 0.5447377 -0.8084543 -0.2228513 -0.7066754 -0.6737756 0.2159548 -0.6115738 -0.6778309 0.4080719 0.4186645 -0.8013162 -0.427332 -0.4113022 -0.6765717 0.6108037 0.2014297 -0.8140508 -0.5447453 0 -0.8985812 0.4388072 -0.1962669 -0.2606922 0.9452613 0 -0.7909567 -0.6118721 -0.2014297 -0.8140508 -0.5447453 0.4113022 -0.6765717 0.6108037 0.1962669 -0.2606922 0.9452613 0 -0.3251224 0.945672 0.6115738 -0.6778309 0.4080719 -0.4186645 -0.8013162 -0.427332 -0.5447377 -0.8084543 -0.2228513 0.7066754 -0.6737756 0.2159548 -0.267558 -0.4449025 0.854678 0.2907586 -0.267106 0.9187567 -0.2907586 -0.267106 0.9187567 -0.577513 -0.577574 0.5769636 0.577513 -0.577574 0.5769636 0 -0.7641105 0.6450854 0.5744018 -0.66364 0.4792124 -0.5744018 -0.66364 0.4792124 -0.5773503 -0.5773503 -0.5773503 0.5773503 -0.5773503 -0.5773503 0.2407977 -0.7231867 -0.6473156 0 -0.7386004 -0.6741434 0.4850111 -0.7205582 -0.4955402 0.6377005 -0.7237344 -0.2637172 -0.2407977 -0.7231867 -0.6473156 -0.4850111 -0.7205582 -0.4955402 -0.6377005 -0.7237344 -0.2637172</float_array>
          <technique_common>
            <accessor source="#UniqueTombstone-mesh-normals-array" count="556" stride="3">
              <param name="X" type="float"/>
              <param name="Y" type="float"/>
              <param name="Z" type="float"/>
            </accessor>
          </technique_common>
        </source>
        <source id="UniqueTombstone-mesh-map-0">
          <float_array id="UniqueTombstone-mesh-map-0-array" count="6672">0.889211 0.407378 0.941045 0.392564 0.955324 0.403454 0.955324 0.403454 0.941045 0.392564 0.954819 0.392846 0.890035 0.420231 0.889211 0.407378 0.955324 0.403454 0.961882 0.398571 0.955324 0.403454 0.954819 0.392846 0.961882 0.398571 0.954819 0.392846 0.967363 0.395763 0.954819 0.392846 0.959125 0.390791 0.967363 0.395763 0.967363 0.395763 0.959125 0.390791 0.969167 0.379237 0.987166 0.379165 0.967363 0.395763 0.969167 0.379237 0.969167 0.379237 0.966524 0.376274 0.987166 0.379165 0.966524 0.376274 0.990545 0.374207 0.987166 0.379165 0.990545 0.374207 0.966524 0.376274 0.964709 0.351485 0.9904 0.345576 0.990545 0.374207 0.964709 0.351485 0.9904 0.345576 0.964709 0.351485 0.97511 0.343747 0.995614 0.338898 0.9904 0.345576 0.97511 0.343747 0.97511 0.343747 0.969475 0.342164 0.994158 0.336162 0.995614 0.338898 0.97511 0.343747 0.994158 0.336162 0.987855 0.319664 0.994158 0.336162 0.960786 0.335676 0.994158 0.336162 0.969475 0.342164 0.960786 0.335676 0.987855 0.319664 0.960786 0.335676 0.941133 0.325662 0.963698 0.306826 0.987855 0.319664 0.941133 0.325662 0.960711 0.30277 0.963698 0.306826 0.939835 0.319422 0.963698 0.306826 0.941133 0.325662 0.939835 0.319422 0.960711 0.30277 0.939835 0.319422 0.953436 0.299069 0.939835 0.319422 0.930105 0.318014 0.953436 0.299069 0.953436 0.299069 0.930105 0.318014 0.90449 0.296994 0.861929 0.297387 0.90449 0.296994 0.881849 0.317114 0.930105 0.318014 0.881849 0.317114 0.90449 0.296994 0.861929 0.297387 0.881849 0.317114 0.871773 0.319781 0.845043 0.301184 0.861929 0.297387 0.871773 0.319781 0.845043 0.301184 0.871773 0.319781 0.845836 0.309593 0.871773 0.319781 0.864102 0.321718 0.845836 0.309593 0.845836 0.309593 0.864102 0.321718 0.838231 0.312476 0.838231 0.312476 0.864102 0.321718 0.856963 0.324065 0.822632 0.313492 0.838231 0.312476 0.856963 0.324065 0.822632 0.313492 0.856963 0.324065 0.831615 0.345666 0.790599 0.340188 0.822632 0.313492 0.831615 0.345666 0.790599 0.340188 0.831615 0.345666 0.813198 0.347925 0.791868 0.346647 0.790599 0.340188 0.813198 0.347925 0.813198 0.347925 0.819022 0.351305 0.794078 0.351787 0.791868 0.346647 0.813198 0.347925 0.794078 0.351787 0.798076 0.384945 0.794078 0.351787 0.821197 0.384302 0.794078 0.351787 0.819022 0.351305 0.821197 0.384302 0.800123 0.387108 0.821197 0.384302 0.804277 0.390288 0.804277 0.390288 0.821197 0.384302 0.837661 0.40044 0.821197 0.384302 0.848568 0.39545 0.837661 0.40044 0.798076 0.384945 0.821197 0.384302 0.800123 0.387108 0.754596 0.388553 0.800123 0.387108 0.780439 0.395032 0.800123 0.387108 0.804277 0.390288 0.780439 0.395032 0.780439 0.395032 0.74928 0.405641 0.754596 0.388553 0.74928 0.405641 0.73513 0.390724 0.754596 0.388553 0.73513 0.390724 0.714535 0.386272 0.754596 0.388553 0.837661 0.40044 0.848568 0.39545 0.839626 0.40122 0.839626 0.40122 0.848568 0.39545 0.842652 0.402052 0.842652 0.402052 0.848568 0.39545 0.878761 0.403966 0.87104 0.410229 0.842652 0.402052 0.878761 0.403966 0.87104 0.410229 0.878761 0.403966 0.881563 0.40571 0.874801 0.41658 0.87104 0.410229 0.881563 0.40571 0.874801 0.41658 0.881563 0.40571 0.889211 0.407378 0.890035 0.420231 0.874801 0.41658 0.889211 0.407378 0.426938 0.605789 0.491811 0.576627 0.526707 0.606161 0.491811 0.576627 0.494752 0.570722 0.528753 0.576914 0.526707 0.606161 0.491811 0.576627 0.528753 0.576914 0.482757 0.635873 0.426938 0.605789 0.526707 0.606161 0.482757 0.635873 0.526707 0.606161 0.502955 0.648974 0.526707 0.606161 0.560105 0.612912 0.502955 0.648974 0.526707 0.606161 0.528753 0.576914 0.560105 0.612912 0.528753 0.576914 0.628907 0.594931 0.560105 0.612912 0.560105 0.612912 0.628907 0.594931 0.608038 0.63604 0.560105 0.612912 0.608038 0.63604 0.502955 0.648974 0.613138 0.695249 0.502955 0.648974 0.602484 0.673945 0.608038 0.63604 0.602484 0.673945 0.502955 0.648974 0.502955 0.648974 0.42168 0.629154 0.482757 0.635873 0.482757 0.635873 0.42168 0.629154 0.426938 0.605789 0.42168 0.629154 0.409258 0.604449 0.426938 0.605789 0.658388 0.675426 0.602484 0.673945 0.608038 0.63604 0.668236 0.632252 0.658388 0.675426 0.608038 0.63604 0.608038 0.63604 0.628907 0.594931 0.662548 0.60543 0.668236 0.632252 0.608038 0.63604 0.662548 0.60543 0.728201 0.633749 0.668236 0.632252 0.662548 0.60543 0.658388 0.675426 0.668236 0.632252 0.728201 0.633749 0.701121 0.686894 0.658388 0.675426 0.728201 0.633749 0.658388 0.675426 0.613138 0.695249 0.602484 0.673945 0.613138 0.695249 0.658388 0.675426 0.701121 0.686894 0.660559 0.709649 0.613138 0.695249 0.701121 0.686894 0.71778 0.605839 0.728201 0.633749 0.662548 0.60543 0.683704 0.436376 0.735376 0.42782 0.736612 0.47131 0.736612 0.47131 0.735376 0.42782 0.776465 0.441606 0.776465 0.441606 0.735376 0.42782 0.745775 0.408789 0.745775 0.408789 0.735376 0.42782 0.692308 0.411229 0.735376 0.42782 0.683704 0.436376 0.692308 0.411229 0.689048 0.479568 0.683704 0.436376 0.736612 0.47131 0.664498 0.428748 0.692308 0.411229 0.683704 0.436376 0.736612 0.47131 0.776465 0.441606 0.792052 0.48088 0.759142 0.487069 0.736612 0.47131 0.792052 0.48088 0.721767 0.487214 0.689048 0.479568 0.736612 0.47131 0.740731 0.480658 0.721767 0.487214 0.736612 0.47131 0.759142 0.487069 0.740731 0.480658 0.736612 0.47131 0.770195 0.518059 0.759142 0.487069 0.819264 0.506457 0.740697 0.521201 0.740731 0.480658 0.759142 0.487069 0.759142 0.487069 0.792052 0.48088 0.819264 0.506457 0.792052 0.48088 0.776465 0.441606 0.838323 0.469915 0.819264 0.506457 0.792052 0.48088 0.838323 0.469915 0.776465 0.441606 0.809711 0.423504 0.838323 0.469915 0.809711 0.423504 0.776465 0.441606 0.745775 0.408789 0.854342 0.490776 0.819264 0.506457 0.838323 0.469915 0.770195 0.518059 0.740697 0.521201 0.759142 0.487069 0.721767 0.487214 0.740731 0.480658 0.740697 0.521201 0.70881 0.517986 0.721767 0.487214 0.740697 0.521201 0.70881 0.517986 0.654627 0.504051 0.721767 0.487214 0.654627 0.504051 0.689048 0.479568 0.721767 0.487214 0.636601 0.465118 0.689048 0.479568 0.654627 0.504051 0.683704 0.436376 0.689048 0.479568 0.636601 0.465118 0.664498 0.428748 0.683704 0.436376 0.636601 0.465118 0.618474 0.482397 0.636601 0.465118 0.654627 0.504051 0.03293997 0.695917 0.03497898 0.65122 0.06878197 0.654299 0.06878197 0.654299 0.03497898 0.65122 0.04759597 0.639357 0.06935399 0.706103 0.03293997 0.695917 0.06878197 0.654299 0.06935399 0.706103 0.06878197 0.654299 0.153132 0.666485 0.06878197 0.654299 0.111465 0.643802 0.153132 0.666485 0.111465 0.643802 0.06878197 0.654299 0.08147597 0.629064 0.06878197 0.654299 0.04759597 0.639357 0.08147597 0.629064 0.08147597 0.629064 0.08726698 0.603074 0.1109279 0.621694 0.111465 0.643802 0.08147597 0.629064 0.1109279 0.621694 0.1109279 0.621694 0.131261 0.618454 0.111465 0.643802 0.171138 0.655669 0.111465 0.643802 0.174489 0.642137 0.111465 0.643802 0.171138 0.655669 0.153132 0.666485 0.158386 0.717819 0.06935399 0.706103 0.153132 0.666485 0.158386 0.717819 0.153132 0.666485 0.178512 0.673575 0.04617094 0.742479 0.06935399 0.706103 0.158386 0.717819 0.03293997 0.695917 0.06935399 0.706103 0.04617094 0.742479 0.005537986 0.730951 0.03293997 0.695917 0.04617094 0.742479 0.1763 0.745445 0.04617094 0.742479 0.158386 0.717819 0.1763 0.745445 0.158386 0.717819 0.206449 0.709736 0.158386 0.717819 0.178512 0.673575 0.206449 0.709736 0.222917 0.728076 0.1763 0.745445 0.206449 0.709736 0.171138 0.655669 0.219674 0.663372 0.178512 0.673575 0.171138 0.655669 0.174489 0.642137 0.226052 0.636779 0.174489 0.642137 0.217642 0.62797 0.226052 0.636779 0.174489 0.642137 0.111465 0.643802 0.1433089 0.617417 0.1635529 0.595869 0.217642 0.62797 0.174489 0.642137 0.111465 0.643802 0.131261 0.618454 0.1433089 0.617417 0.131261 0.618454 0.148282 0.584054 0.1433089 0.617417 0.1433089 0.617417 0.1635529 0.595869 0.174489 0.642137 0.09927797 0.589111 0.148282 0.584054 0.131261 0.618454 0.1109279 0.621694 0.09927797 0.589111 0.131261 0.618454 0.08726698 0.603074 0.09927797 0.589111 0.1109279 0.621694 0.151138 0.584254 0.1433089 0.617417 0.148282 0.584054 0.1635529 0.595869 0.1433089 0.617417 0.151138 0.584254 0.219674 0.663372 0.171138 0.655669 0.226052 0.636779 0.153132 0.666485 0.171138 0.655669 0.178512 0.673575 0.1308079 0.476109 0.214577 0.473473 0.185306 0.488189 0.214577 0.473473 0.272045 0.467827 0.276828 0.473116 0.185306 0.488189 0.214577 0.473473 0.276828 0.473116 0.09283095 0.506818 0.1308079 0.476109 0.185306 0.488189 0.09283095 0.506818 0.185306 0.488189 0.186761 0.528859 0.186761 0.528859 0.185306 0.488189 0.214381 0.520278 0.185306 0.488189 0.276828 0.473116 0.214381 0.520278 0.214381 0.520278 0.253368 0.520705 0.2177439 0.541424 0.186761 0.528859 0.214381 0.520278 0.2177439 0.541424 0.09988296 0.542917 0.09283095 0.506818 0.186761 0.528859 0.186761 0.528859 0.2177439 0.541424 0.135657 0.554541 0.09988296 0.542917 0.186761 0.528859 0.135657 0.554541 0.005324959 0.5027 0.09283095 0.506818 0.09988296 0.542917 0.1308079 0.476109 0.09283095 0.506818 0.005324959 0.5027 0.04109495 0.462319 0.1308079 0.476109 0.005324959 0.5027 0.026636 0.558142 0.005324959 0.5027 0.09988296 0.542917 0.026636 0.558142 0.09988296 0.542917 0.135657 0.554541 0.061194 0.58103 0.026636 0.558142 0.135657 0.554541 0.214381 0.520278 0.29961 0.510798 0.253368 0.520705 0.276828 0.473116 0.29961 0.510798 0.214381 0.520278 0.29961 0.510798 0.302902 0.512902 0.253368 0.520705 0.547062 0.345784 0.644604 0.340601 0.657122 0.378808 0.584194 0.329922 0.679189 0.329947 0.644604 0.340601 0.547062 0.345784 0.584194 0.329922 0.644604 0.340601 0.657122 0.378808 0.644604 0.340601 0.735936 0.371421 0.644604 0.340601 0.730193 0.33775 0.735936 0.371421 0.644604 0.340601 0.679189 0.329947 0.730193 0.33775 0.679189 0.329947 0.736279 0.330151 0.730193 0.33775 0.657122 0.378808 0.735936 0.371421 0.688218 0.386068 0.575032 0.394839 0.547062 0.345784 0.657122 0.378808 0.657122 0.378808 0.688218 0.386068 0.622355 0.408795 0.575032 0.394839 0.657122 0.378808 0.622355 0.408795 0.506737 0.415546 0.575032 0.394839 0.622355 0.408795 0.547062 0.345784 0.575032 0.394839 0.506737 0.415546 0.465316 0.352874 0.547062 0.345784 0.506737 0.415546 0.463088 0.326724 0.584194 0.329922 0.547062 0.345784 0.465316 0.352874 0.463088 0.326724 0.547062 0.345784 0.55252 0.437399 0.506737 0.415546 0.622355 0.408795 0.735936 0.371421 0.741673 0.377595 0.688218 0.386068 0.235309 0.548999 0.304056 0.526247 0.302453 0.551111 0.304056 0.526247 0.370984 0.513908 0.376323 0.536196 0.302453 0.551111 0.304056 0.526247 0.376323 0.536196 0.23111 0.572975 0.235309 0.548999 0.302453 0.551111 0.376323 0.536196 0.383213 0.545276 0.302453 0.551111 0.302453 0.551111 0.3167 0.565897 0.266922 0.585928 0.383213 0.545276 0.3167 0.565897 0.302453 0.551111 0.23111 0.572975 0.302453 0.551111 0.266922 0.585928 0.16265 0.586917 0.23111 0.572975 0.203076 0.613088 0.235309 0.548999 0.23111 0.572975 0.16265 0.586917 0.14878 0.556522 0.235309 0.548999 0.16265 0.586917 0.23111 0.572975 0.266922 0.585928 0.203076 0.613088 0.243798 0.626346 0.203076 0.613088 0.306745 0.596512 0.203076 0.613088 0.266922 0.585928 0.306745 0.596512 0.266922 0.585928 0.3167 0.565897 0.306745 0.596512 0.3167 0.565897 0.354984 0.563359 0.306745 0.596512 0.354984 0.563359 0.3167 0.565897 0.383213 0.545276 0.398596 0.549404 0.354984 0.563359 0.383213 0.545276 0.398596 0.549404 0.402949 0.553786 0.354984 0.563359 0.306745 0.596512 0.354984 0.563359 0.362021 0.571294 0.343891 0.607289 0.306745 0.596512 0.362021 0.571294 0.306745 0.596512 0.343891 0.607289 0.264992 0.636031 0.243798 0.626346 0.306745 0.596512 0.264992 0.636031 0.402949 0.553786 0.362021 0.571294 0.354984 0.563359 0.836306 0.74698 0.838714 0.721735 0.899238 0.722147 0.838714 0.721735 0.809869 0.705901 0.885218 0.69627 0.899238 0.722147 0.838714 0.721735 0.885218 0.69627 0.809869 0.705901 0.838714 0.721735 0.798012 0.745107 0.836306 0.74698 0.802399 0.747279 0.838714 0.721735 0.802399 0.747279 0.798012 0.745107 0.838714 0.721735 0.770989 0.731963 0.809869 0.705901 0.798012 0.745107 0.845808 0.662902 0.856122 0.67304 0.809869 0.705901 0.767926 0.69382 0.845808 0.662902 0.809869 0.705901 0.884871 0.679676 0.885218 0.69627 0.809869 0.705901 0.767926 0.69382 0.809869 0.705901 0.770989 0.731963 0.856122 0.67304 0.884871 0.679676 0.809869 0.705901 0.856122 0.67304 0.902043 0.659942 0.884871 0.679676 0.902043 0.659942 0.856122 0.67304 0.845808 0.662902 0.836944 0.629173 0.890963 0.641389 0.845808 0.662902 0.777628 0.628455 0.836944 0.629173 0.845808 0.662902 0.767926 0.69382 0.777628 0.628455 0.845808 0.662902 0.892574 0.651994 0.902043 0.659942 0.845808 0.662902 0.890963 0.641389 0.892574 0.651994 0.845808 0.662902 0.930559 0.635916 0.93646 0.646805 0.890963 0.641389 0.930559 0.635916 0.890963 0.641389 0.899672 0.600197 0.890963 0.641389 0.836944 0.629173 0.840856 0.60411 0.93646 0.646805 0.892574 0.651994 0.890963 0.641389 0.899672 0.600197 0.890963 0.641389 0.840856 0.60411 0.840856 0.60411 0.836944 0.629173 0.784109 0.603017 0.836944 0.629173 0.777628 0.628455 0.784109 0.603017 0.784109 0.603017 0.777628 0.628455 0.741368 0.621401 0.777628 0.628455 0.767926 0.69382 0.723625 0.697215 0.741368 0.621401 0.777628 0.628455 0.723625 0.697215 0.767926 0.69382 0.739424 0.719264 0.732382 0.716302 0.767926 0.69382 0.732382 0.716302 0.723625 0.697215 0.739424 0.719264 0.767926 0.69382 0.770989 0.731963 0.756243 0.597333 0.784109 0.603017 0.741368 0.621401 0.93646 0.646805 0.940263 0.655505 0.892574 0.651994 0.940263 0.655505 0.902043 0.659942 0.892574 0.651994 0.91805 0.669758 0.902043 0.659942 0.940263 0.655505 0.902043 0.659942 0.91805 0.669758 0.884871 0.679676 0.91805 0.669758 0.928541 0.683629 0.884871 0.679676 0.928541 0.683629 0.885218 0.69627 0.884871 0.679676 0.945119 0.712965 0.899238 0.722147 0.885218 0.69627 0.928541 0.683629 0.945119 0.712965 0.885218 0.69627 0.959249 0.67481 0.982873 0.708593 0.928541 0.683629 0.959249 0.67481 0.928541 0.683629 0.91805 0.669758 0.945646 0.664605 0.91805 0.669758 0.940263 0.655505 0.945646 0.664605 0.959249 0.67481 0.91805 0.669758 0.982873 0.708593 0.945119 0.712965 0.928541 0.683629 0.945119 0.712965 0.953836 0.725311 0.899238 0.722147 0.953836 0.725311 0.945119 0.712965 0.982873 0.708593 0.953836 0.725311 0.920058 0.738121 0.899238 0.722147 0.985257 0.71949 0.953836 0.725311 0.982873 0.708593 0.920058 0.738121 0.836306 0.74698 0.899238 0.722147 0.716249 0.782018 0.732451 0.758702 0.80418 0.767134 0.80418 0.767134 0.732451 0.758702 0.795626 0.756982 0.787537 0.790282 0.716249 0.782018 0.80418 0.767134 0.787537 0.790282 0.80418 0.767134 0.872145 0.777342 0.872145 0.777342 0.80418 0.767134 0.795626 0.756982 0.933763 0.783423 0.890561 0.836373 0.872145 0.777342 0.833785 0.819629 0.787537 0.790282 0.872145 0.777342 0.890561 0.836373 0.833785 0.819629 0.872145 0.777342 0.713985 0.786375 0.716249 0.782018 0.787537 0.790282 0.732553 0.803701 0.713985 0.786375 0.787537 0.790282 0.787537 0.790282 0.833785 0.819629 0.732553 0.803701 0.833785 0.819629 0.813469 0.845632 0.732553 0.803701 0.890561 0.836373 0.857496 0.851789 0.833785 0.819629 0.857496 0.851789 0.890561 0.836373 0.941196 0.853362 0.941196 0.853362 0.890561 0.836373 0.933763 0.783423 0.907003 0.868518 0.857496 0.851789 0.941196 0.853362 0.857496 0.851789 0.813469 0.845632 0.833785 0.819629 0.990579 0.783103 0.941196 0.853362 0.933763 0.783423 0.990579 0.783103 0.933763 0.783423 0.939503 0.754954 0.939503 0.754954 0.933763 0.783423 0.888315 0.745766 0.974548 0.754541 0.990579 0.783103 0.939503 0.754954 0.888315 0.745766 0.872145 0.777342 0.795626 0.756982 0.933763 0.783423 0.872145 0.777342 0.888315 0.745766 0.682823 0.817288 0.670161 0.747396 0.725111 0.810249 0.670161 0.747396 0.682823 0.817288 0.65853 0.821541 0.634106 0.710271 0.670161 0.747396 0.62934 0.745883 0.62934 0.745883 0.670161 0.747396 0.65853 0.821541 0.579749 0.767878 0.62934 0.745883 0.65853 0.821541 0.598885 0.824657 0.579749 0.767878 0.65853 0.821541 0.676545 0.855624 0.65853 0.821541 0.706483 0.849778 0.598885 0.824657 0.65853 0.821541 0.676545 0.855624 0.65853 0.821541 0.682823 0.817288 0.706483 0.849778 0.706483 0.849778 0.682823 0.817288 0.725111 0.810249 0.746033 0.8364 0.706483 0.849778 0.725111 0.810249 0.598885 0.824657 0.546591 0.824225 0.579749 0.767878 0.546591 0.824225 0.598885 0.824657 0.590915 0.855322 0.548863 0.757299 0.599413 0.7408 0.579749 0.767878 0.579749 0.767878 0.523948 0.784535 0.548863 0.757299 0.546591 0.824225 0.523948 0.784535 0.579749 0.767878 0.579749 0.767878 0.599413 0.7408 0.62934 0.745883 0.599413 0.7408 0.634106 0.710271 0.62934 0.745883 0.548863 0.757299 0.544107 0.74626 0.599413 0.7408 0.599413 0.7408 0.578758 0.721686 0.634106 0.710271 0.578758 0.721686 0.589712 0.691339 0.634106 0.710271 0.578758 0.721686 0.552645 0.7226 0.534563 0.69209 0.574609 0.689563 0.578758 0.721686 0.534563 0.69209 0.552645 0.7226 0.578758 0.721686 0.599413 0.7408 0.544107 0.74626 0.552645 0.7226 0.599413 0.7408 0.493839 0.744283 0.544107 0.74626 0.494438 0.753895 0.544107 0.74626 0.493839 0.744283 0.523773 0.705276 0.552645 0.7226 0.544107 0.74626 0.523773 0.705276 0.544107 0.74626 0.548863 0.757299 0.494438 0.753895 0.548863 0.757299 0.523948 0.784535 0.494438 0.753895 0.552645 0.7226 0.523773 0.705276 0.531034 0.692875 0.534563 0.69209 0.552645 0.7226 0.531034 0.692875 0.578758 0.721686 0.574609 0.689563 0.589712 0.691339 0.540589 0.846292 0.546591 0.824225 0.590915 0.855322 0.590915 0.855322 0.598885 0.824657 0.676545 0.855624 0.863973 0.526116 0.799165 0.548422 0.765515 0.526322 0.799165 0.548422 0.812167 0.577987 0.736994 0.583591 0.734193 0.546504 0.799165 0.548422 0.736994 0.583591 0.863973 0.526116 0.884613 0.560776 0.799165 0.548422 0.884613 0.560776 0.812167 0.577987 0.799165 0.548422 0.799165 0.548422 0.734193 0.546504 0.765515 0.526322 0.840355 0.504204 0.863973 0.526116 0.765515 0.526322 0.734193 0.546504 0.735652 0.538466 0.765515 0.526322 0.840355 0.504204 0.884076 0.498127 0.863973 0.526116 0.938786 0.549727 0.884613 0.560776 0.863973 0.526116 0.920148 0.51525 0.938786 0.549727 0.863973 0.526116 0.884076 0.498127 0.920148 0.51525 0.863973 0.526116 0.953018 0.502907 0.920148 0.51525 0.884076 0.498127 0.911381 0.487376 0.953018 0.502907 0.884076 0.498127 0.953018 0.502907 0.992881 0.548886 0.920148 0.51525 0.992881 0.548886 0.938786 0.549727 0.920148 0.51525 0.938786 0.549727 0.936627 0.558213 0.884613 0.560776 0.992881 0.548886 0.992072 0.558608 0.938786 0.549727 0.840755 0.57569 0.812167 0.577987 0.884613 0.560776 0.884322 0.565348 0.840755 0.57569 0.884613 0.560776 0.736994 0.583591 0.812167 0.577987 0.813967 0.587237 0.813967 0.587237 0.812167 0.577987 0.839638 0.580211 0.812167 0.577987 0.840755 0.57569 0.839638 0.580211 0.840755 0.57569 0.884322 0.565348 0.899921 0.596381 0.899921 0.596381 0.839638 0.580211 0.840755 0.57569 0.813967 0.587237 0.839638 0.580211 0.899921 0.596381 0.804496 0.594703 0.813967 0.587237 0.899921 0.596381 0.740043 0.589374 0.813967 0.587237 0.804496 0.594703 0.740043 0.589374 0.736994 0.583591 0.813967 0.587237 0.948182 0.583667 0.899921 0.596381 0.884322 0.565348 0.936627 0.558213 0.884322 0.565348 0.884613 0.560776 0.948182 0.583667 0.936627 0.558213 0.992072 0.558608 0.992072 0.558608 0.936627 0.558213 0.938786 0.549727 0.981749 0.58261 0.948182 0.583667 0.992072 0.558608 0.936627 0.558213 0.948182 0.583667 0.884322 0.565348 0.492833 0.505857 0.562707 0.536712 0.510267 0.557383 0.562707 0.536712 0.602666 0.556648 0.56666 0.575039 0.510267 0.557383 0.562707 0.536712 0.56666 0.575039 0.568753 0.475188 0.562707 0.536712 0.492833 0.505857 0.562707 0.536712 0.568753 0.475188 0.607583 0.538438 0.562707 0.536712 0.607583 0.538438 0.602666 0.556648 0.607583 0.538438 0.613011 0.556458 0.602666 0.556648 0.568753 0.475188 0.609211 0.47248 0.607583 0.538438 0.518705 0.473875 0.568753 0.475188 0.492833 0.505857 0.609211 0.47248 0.568753 0.475188 0.579953 0.450569 0.445214 0.537877 0.492833 0.505857 0.510267 0.557383 0.429239 0.483748 0.492833 0.505857 0.38392 0.514491 0.467488 0.4527 0.518705 0.473875 0.429239 0.483748 0.518705 0.473875 0.492833 0.505857 0.429239 0.483748 0.518705 0.473875 0.467488 0.4527 0.504973 0.434083 0.492833 0.505857 0.445214 0.537877 0.38392 0.514491 0.536265 0.447264 0.518705 0.473875 0.504973 0.434083 0.536265 0.447264 0.579953 0.450569 0.568753 0.475188 0.518705 0.473875 0.536265 0.447264 0.568753 0.475188 0.610423 0.448144 0.609211 0.47248 0.579953 0.450569 0.2277539 0.85043 0.186699 0.84465 0.202803 0.827692 0.186699 0.84465 0.127695 0.812937 0.163518 0.810027 0.202803 0.827692 0.186699 0.84465 0.163518 0.810027 0.233591 0.83212 0.2277539 0.85043 0.202803 0.827692 0.26411 0.831096 0.26957 0.850508 0.233591 0.83212 0.26957 0.850508 0.2277539 0.85043 0.233591 0.83212 0.274279 0.850127 0.26957 0.850508 0.26411 0.831096 0.268747 0.831163 0.274279 0.850127 0.26411 0.831096 0.277454 0.831318 0.283073 0.848942 0.268747 0.831163 0.283073 0.848942 0.274279 0.850127 0.268747 0.831163 0.334153 0.81772 0.283073 0.848942 0.277454 0.831318 0.295076 0.811441 0.334153 0.81772 0.277454 0.831318 0.334153 0.81772 0.295076 0.811441 0.301516 0.805611 0.337978 0.810294 0.334153 0.81772 0.301516 0.805611 0.337978 0.810294 0.301516 0.805611 0.302104 0.802563 0.340354 0.807365 0.337978 0.810294 0.302104 0.802563 0.340354 0.807365 0.302104 0.802563 0.308287 0.791475 0.346574 0.793071 0.340354 0.807365 0.308287 0.791475 0.346574 0.793071 0.308287 0.791475 0.31128 0.788409 0.346572 0.789431 0.346574 0.793071 0.31128 0.788409 0.289264 0.774369 0.314602 0.760055 0.31128 0.788409 0.314602 0.760055 0.346572 0.789431 0.31128 0.788409 0.297749 0.753674 0.314602 0.760055 0.289264 0.774369 0.276128 0.769047 0.297749 0.753674 0.289264 0.774369 0.27161 0.766636 0.292148 0.751586 0.276128 0.769047 0.292148 0.751586 0.297749 0.753674 0.276128 0.769047 0.276657 0.747072 0.292148 0.751586 0.27161 0.766636 0.259909 0.761904 0.276657 0.747072 0.27161 0.766636 0.2374899 0.760619 0.242752 0.742556 0.259909 0.761904 0.242752 0.742556 0.276657 0.747072 0.259909 0.761904 0.228802 0.742245 0.242752 0.742556 0.2374899 0.760619 0.225738 0.76029 0.228802 0.742245 0.2374899 0.760619 0.228802 0.742245 0.225738 0.76029 0.215996 0.760099 0.217698 0.742007 0.228802 0.742245 0.215996 0.760099 0.217698 0.742007 0.215996 0.760099 0.184087 0.762866 0.1561239 0.753575 0.217698 0.742007 0.184087 0.762866 0.1561239 0.753575 0.184087 0.762866 0.180581 0.768486 0.148514 0.75855 0.1561239 0.753575 0.180581 0.768486 0.148514 0.75855 0.180581 0.768486 0.177002 0.772415 0.1441349 0.76264 0.148514 0.75855 0.177002 0.772415 0.1441349 0.76264 0.177002 0.772415 0.173877 0.776434 0.139555 0.766585 0.1441349 0.76264 0.173877 0.776434 0.139555 0.766585 0.173877 0.776434 0.158981 0.796443 0.123888 0.79738 0.139555 0.766585 0.158981 0.796443 0.1639569 0.805343 0.125025 0.808299 0.158981 0.796443 0.125025 0.808299 0.123888 0.79738 0.158981 0.796443 0.127695 0.812937 0.125025 0.808299 0.1639569 0.805343 0.163518 0.810027 0.127695 0.812937 0.1639569 0.805343 0.889211 0.407378 0.890035 0.420231 0.955324 0.403454 0.874801 0.41658 0.890035 0.420231 0.889211 0.407378 0.941045 0.392564 0.889211 0.407378 0.955324 0.403454 0.954819 0.392846 0.941045 0.392564 0.955324 0.403454 0.961882 0.398571 0.954819 0.392846 0.955324 0.403454 0.954819 0.392846 0.961882 0.398571 0.967363 0.395763 0.959125 0.390791 0.954819 0.392846 0.967363 0.395763 0.969167 0.379237 0.959125 0.390791 0.967363 0.395763 0.987166 0.379165 0.969167 0.379237 0.967363 0.395763 0.969167 0.379237 0.987166 0.379165 0.966524 0.376274 0.987166 0.379165 0.990545 0.374207 0.966524 0.376274 0.964709 0.351485 0.966524 0.376274 0.990545 0.374207 0.9904 0.345576 0.964709 0.351485 0.990545 0.374207 0.97511 0.343747 0.964709 0.351485 0.9904 0.345576 0.995614 0.338898 0.97511 0.343747 0.9904 0.345576 0.97511 0.343747 0.995614 0.338898 0.994158 0.336162 0.969475 0.342164 0.97511 0.343747 0.994158 0.336162 0.987855 0.319664 0.960786 0.335676 0.994158 0.336162 0.960786 0.335676 0.969475 0.342164 0.994158 0.336162 0.941133 0.325662 0.960786 0.335676 0.987855 0.319664 0.963698 0.306826 0.941133 0.325662 0.987855 0.319664 0.960711 0.30277 0.939835 0.319422 0.963698 0.306826 0.939835 0.319422 0.941133 0.325662 0.963698 0.306826 0.939835 0.319422 0.960711 0.30277 0.953436 0.299069 0.930105 0.318014 0.939835 0.319422 0.953436 0.299069 0.930105 0.318014 0.953436 0.299069 0.90449 0.296994 0.881849 0.317114 0.930105 0.318014 0.90449 0.296994 0.881849 0.317114 0.90449 0.296994 0.861929 0.297387 0.871773 0.319781 0.881849 0.317114 0.861929 0.297387 0.845043 0.301184 0.871773 0.319781 0.861929 0.297387 0.864102 0.321718 0.871773 0.319781 0.845836 0.309593 0.871773 0.319781 0.845043 0.301184 0.845836 0.309593 0.838231 0.312476 0.864102 0.321718 0.845836 0.309593 0.856963 0.324065 0.864102 0.321718 0.838231 0.312476 0.822632 0.313492 0.856963 0.324065 0.838231 0.312476 0.831615 0.345666 0.856963 0.324065 0.822632 0.313492 0.813198 0.347925 0.831615 0.345666 0.790599 0.340188 0.813198 0.347925 0.791868 0.346647 0.794078 0.351787 0.819022 0.351305 0.813198 0.347925 0.794078 0.351787 0.791868 0.346647 0.813198 0.347925 0.790599 0.340188 0.790599 0.340188 0.831615 0.345666 0.822632 0.313492 0.821197 0.384302 0.819022 0.351305 0.794078 0.351787 0.798076 0.384945 0.821197 0.384302 0.794078 0.351787 0.804277 0.390288 0.821197 0.384302 0.800123 0.387108 0.848568 0.39545 0.821197 0.384302 0.837661 0.40044 0.800123 0.387108 0.821197 0.384302 0.798076 0.384945 0.821197 0.384302 0.804277 0.390288 0.837661 0.40044 0.804277 0.390288 0.800123 0.387108 0.780439 0.395032 0.800123 0.387108 0.754596 0.388553 0.780439 0.395032 0.780439 0.395032 0.754596 0.388553 0.74928 0.405641 0.754596 0.388553 0.714535 0.386272 0.73513 0.390724 0.754596 0.388553 0.73513 0.390724 0.74928 0.405641 0.839626 0.40122 0.848568 0.39545 0.837661 0.40044 0.842652 0.402052 0.848568 0.39545 0.839626 0.40122 0.848568 0.39545 0.842652 0.402052 0.878761 0.403966 0.842652 0.402052 0.87104 0.410229 0.878761 0.403966 0.881563 0.40571 0.878761 0.403966 0.87104 0.410229 0.874801 0.41658 0.881563 0.40571 0.87104 0.410229 0.881563 0.40571 0.874801 0.41658 0.889211 0.407378 0.426938 0.605789 0.482757 0.635873 0.526707 0.606161 0.482757 0.635873 0.502955 0.648974 0.526707 0.606161 0.482757 0.635873 0.426938 0.605789 0.42168 0.629154 0.482757 0.635873 0.42168 0.629154 0.502955 0.648974 0.602484 0.673945 0.502955 0.648974 0.613138 0.695249 0.502955 0.648974 0.560105 0.612912 0.526707 0.606161 0.491811 0.576627 0.426938 0.605789 0.526707 0.606161 0.491811 0.576627 0.526707 0.606161 0.528753 0.576914 0.526707 0.606161 0.560105 0.612912 0.528753 0.576914 0.560105 0.612912 0.628907 0.594931 0.528753 0.576914 0.608038 0.63604 0.628907 0.594931 0.560105 0.612912 0.608038 0.63604 0.560105 0.612912 0.502955 0.648974 0.602484 0.673945 0.608038 0.63604 0.502955 0.648974 0.608038 0.63604 0.602484 0.673945 0.658388 0.675426 0.602484 0.673945 0.613138 0.695249 0.658388 0.675426 0.658388 0.675426 0.613138 0.695249 0.701121 0.686894 0.613138 0.695249 0.660559 0.709649 0.701121 0.686894 0.658388 0.675426 0.701121 0.686894 0.728201 0.633749 0.668236 0.632252 0.608038 0.63604 0.658388 0.675426 0.668236 0.632252 0.658388 0.675426 0.728201 0.633749 0.608038 0.63604 0.668236 0.632252 0.662548 0.60543 0.628907 0.594931 0.608038 0.63604 0.662548 0.60543 0.71778 0.605839 0.662548 0.60543 0.728201 0.633749 0.662548 0.60543 0.668236 0.632252 0.728201 0.633749 0.494752 0.570722 0.491811 0.576627 0.528753 0.576914 0.426938 0.605789 0.409258 0.604449 0.42168 0.629154 0.736612 0.47131 0.735376 0.42782 0.683704 0.436376 0.776465 0.441606 0.735376 0.42782 0.736612 0.47131 0.745775 0.408789 0.735376 0.42782 0.776465 0.441606 0.683704 0.436376 0.735376 0.42782 0.692308 0.411229 0.735376 0.42782 0.745775 0.408789 0.692308 0.411229 0.809711 0.423504 0.745775 0.408789 0.776465 0.441606 0.776465 0.441606 0.792052 0.48088 0.838323 0.469915 0.809711 0.423504 0.776465 0.441606 0.838323 0.469915 0.776465 0.441606 0.736612 0.47131 0.792052 0.48088 0.736612 0.47131 0.759142 0.487069 0.792052 0.48088 0.736612 0.47131 0.721767 0.487214 0.740731 0.480658 0.736612 0.47131 0.683704 0.436376 0.689048 0.479568 0.683704 0.436376 0.664498 0.428748 0.636601 0.465118 0.683704 0.436376 0.692308 0.411229 0.664498 0.428748 0.689048 0.479568 0.683704 0.436376 0.636601 0.465118 0.721767 0.487214 0.689048 0.479568 0.654627 0.504051 0.721767 0.487214 0.736612 0.47131 0.689048 0.479568 0.736612 0.47131 0.740731 0.480658 0.759142 0.487069 0.792052 0.48088 0.759142 0.487069 0.819264 0.506457 0.759142 0.487069 0.770195 0.518059 0.819264 0.506457 0.838323 0.469915 0.792052 0.48088 0.819264 0.506457 0.854342 0.490776 0.838323 0.469915 0.819264 0.506457 0.770195 0.518059 0.759142 0.487069 0.740697 0.521201 0.759142 0.487069 0.740731 0.480658 0.740697 0.521201 0.740731 0.480658 0.721767 0.487214 0.740697 0.521201 0.721767 0.487214 0.70881 0.517986 0.740697 0.521201 0.70881 0.517986 0.721767 0.487214 0.654627 0.504051 0.636601 0.465118 0.618474 0.482397 0.654627 0.504051 0.689048 0.479568 0.636601 0.465118 0.654627 0.504051 0.06878197 0.654299 0.03497898 0.65122 0.03293997 0.695917 0.04759597 0.639357 0.03497898 0.65122 0.06878197 0.654299 0.06935399 0.706103 0.06878197 0.654299 0.03293997 0.695917 0.153132 0.666485 0.06878197 0.654299 0.06935399 0.706103 0.153132 0.666485 0.111465 0.643802 0.06878197 0.654299 0.03293997 0.695917 0.005537986 0.730951 0.04617094 0.742479 0.06935399 0.706103 0.03293997 0.695917 0.04617094 0.742479 0.158386 0.717819 0.153132 0.666485 0.06935399 0.706103 0.158386 0.717819 0.06935399 0.706103 0.04617094 0.742479 0.178512 0.673575 0.153132 0.666485 0.158386 0.717819 0.206449 0.709736 0.178512 0.673575 0.158386 0.717819 0.153132 0.666485 0.171138 0.655669 0.111465 0.643802 0.171138 0.655669 0.153132 0.666485 0.178512 0.673575 0.174489 0.642137 0.111465 0.643802 0.171138 0.655669 0.219674 0.663372 0.171138 0.655669 0.178512 0.673575 0.174489 0.642137 0.1433089 0.617417 0.111465 0.643802 0.111465 0.643802 0.131261 0.618454 0.1109279 0.621694 0.1433089 0.617417 0.131261 0.618454 0.111465 0.643802 0.111465 0.643802 0.08147597 0.629064 0.06878197 0.654299 0.08147597 0.629064 0.04759597 0.639357 0.06878197 0.654299 0.08147597 0.629064 0.111465 0.643802 0.1109279 0.621694 0.09927797 0.589111 0.1109279 0.621694 0.131261 0.618454 0.1109279 0.621694 0.09927797 0.589111 0.08726698 0.603074 0.1433089 0.617417 0.148282 0.584054 0.131261 0.618454 0.1433089 0.617417 0.174489 0.642137 0.1635529 0.595869 0.151138 0.584254 0.1433089 0.617417 0.1635529 0.595869 0.226052 0.636779 0.217642 0.62797 0.174489 0.642137 0.226052 0.636779 0.174489 0.642137 0.171138 0.655669 0.174489 0.642137 0.217642 0.62797 0.1635529 0.595869 0.219674 0.663372 0.226052 0.636779 0.171138 0.655669 0.148282 0.584054 0.1433089 0.617417 0.151138 0.584254 0.148282 0.584054 0.09927797 0.589111 0.131261 0.618454 0.08726698 0.603074 0.08147597 0.629064 0.1109279 0.621694 0.222917 0.728076 0.206449 0.709736 0.1763 0.745445 0.1763 0.745445 0.158386 0.717819 0.04617094 0.742479 0.206449 0.709736 0.158386 0.717819 0.1763 0.745445 0.185306 0.488189 0.214577 0.473473 0.1308079 0.476109 0.276828 0.473116 0.272045 0.467827 0.214577 0.473473 0.185306 0.488189 0.276828 0.473116 0.214577 0.473473 0.09283095 0.506818 0.185306 0.488189 0.1308079 0.476109 0.186761 0.528859 0.185306 0.488189 0.09283095 0.506818 0.1308079 0.476109 0.04109495 0.462319 0.005324959 0.5027 0.09283095 0.506818 0.1308079 0.476109 0.005324959 0.5027 0.09988296 0.542917 0.186761 0.528859 0.09283095 0.506818 0.09988296 0.542917 0.09283095 0.506818 0.005324959 0.5027 0.186761 0.528859 0.09988296 0.542917 0.135657 0.554541 0.135657 0.554541 0.09988296 0.542917 0.026636 0.558142 0.214381 0.520278 0.186761 0.528859 0.2177439 0.541424 0.2177439 0.541424 0.186761 0.528859 0.135657 0.554541 0.214381 0.520278 0.185306 0.488189 0.186761 0.528859 0.276828 0.473116 0.185306 0.488189 0.214381 0.520278 0.29961 0.510798 0.276828 0.473116 0.214381 0.520278 0.29961 0.510798 0.214381 0.520278 0.253368 0.520705 0.253368 0.520705 0.214381 0.520278 0.2177439 0.541424 0.302902 0.512902 0.29961 0.510798 0.253368 0.520705 0.061194 0.58103 0.135657 0.554541 0.026636 0.558142 0.026636 0.558142 0.09988296 0.542917 0.005324959 0.5027 0.657122 0.378808 0.644604 0.340601 0.547062 0.345784 0.644604 0.340601 0.679189 0.329947 0.584194 0.329922 0.547062 0.345784 0.644604 0.340601 0.584194 0.329922 0.657122 0.378808 0.735936 0.371421 0.644604 0.340601 0.735936 0.371421 0.730193 0.33775 0.644604 0.340601 0.644604 0.340601 0.730193 0.33775 0.679189 0.329947 0.730193 0.33775 0.736279 0.330151 0.679189 0.329947 0.735936 0.371421 0.657122 0.378808 0.688218 0.386068 0.575032 0.394839 0.657122 0.378808 0.547062 0.345784 0.657122 0.378808 0.575032 0.394839 0.622355 0.408795 0.547062 0.345784 0.584194 0.329922 0.463088 0.326724 0.465316 0.352874 0.547062 0.345784 0.463088 0.326724 0.575032 0.394839 0.547062 0.345784 0.506737 0.415546 0.547062 0.345784 0.465316 0.352874 0.506737 0.415546 0.55252 0.437399 0.622355 0.408795 0.506737 0.415546 0.622355 0.408795 0.575032 0.394839 0.506737 0.415546 0.688218 0.386068 0.657122 0.378808 0.622355 0.408795 0.741673 0.377595 0.735936 0.371421 0.688218 0.386068 0.302453 0.551111 0.304056 0.526247 0.235309 0.548999 0.304056 0.526247 0.302453 0.551111 0.376323 0.536196 0.370984 0.513908 0.304056 0.526247 0.376323 0.536196 0.383213 0.545276 0.376323 0.536196 0.302453 0.551111 0.23111 0.572975 0.302453 0.551111 0.235309 0.548999 0.3167 0.565897 0.383213 0.545276 0.302453 0.551111 0.235309 0.548999 0.14878 0.556522 0.16265 0.586917 0.23111 0.572975 0.235309 0.548999 0.16265 0.586917 0.266922 0.585928 0.23111 0.572975 0.203076 0.613088 0.23111 0.572975 0.16265 0.586917 0.203076 0.613088 0.243798 0.626346 0.306745 0.596512 0.203076 0.613088 0.306745 0.596512 0.266922 0.585928 0.203076 0.613088 0.362021 0.571294 0.354984 0.563359 0.306745 0.596512 0.343891 0.607289 0.362021 0.571294 0.306745 0.596512 0.3167 0.565897 0.266922 0.585928 0.306745 0.596512 0.354984 0.563359 0.3167 0.565897 0.306745 0.596512 0.3167 0.565897 0.354984 0.563359 0.383213 0.545276 0.354984 0.563359 0.398596 0.549404 0.383213 0.545276 0.398596 0.549404 0.354984 0.563359 0.402949 0.553786 0.354984 0.563359 0.362021 0.571294 0.402949 0.553786 0.306745 0.596512 0.243798 0.626346 0.264992 0.636031 0.343891 0.607289 0.306745 0.596512 0.264992 0.636031 0.266922 0.585928 0.3167 0.565897 0.302453 0.551111 0.23111 0.572975 0.266922 0.585928 0.302453 0.551111 0.836306 0.74698 0.920058 0.738121 0.899238 0.722147 0.920058 0.738121 0.953836 0.725311 0.899238 0.722147 0.838714 0.721735 0.836306 0.74698 0.899238 0.722147 0.838714 0.721735 0.899238 0.722147 0.885218 0.69627 0.885218 0.69627 0.899238 0.722147 0.945119 0.712965 0.953836 0.725311 0.945119 0.712965 0.899238 0.722147 0.953836 0.725311 0.985257 0.71949 0.982873 0.708593 0.945119 0.712965 0.953836 0.725311 0.982873 0.708593 0.928541 0.683629 0.945119 0.712965 0.982873 0.708593 0.928541 0.683629 0.885218 0.69627 0.945119 0.712965 0.809869 0.705901 0.885218 0.69627 0.884871 0.679676 0.809869 0.705901 0.838714 0.721735 0.885218 0.69627 0.798012 0.745107 0.838714 0.721735 0.809869 0.705901 0.838714 0.721735 0.798012 0.745107 0.802399 0.747279 0.838714 0.721735 0.802399 0.747279 0.836306 0.74698 0.770989 0.731963 0.798012 0.745107 0.809869 0.705901 0.845808 0.662902 0.767926 0.69382 0.809869 0.705901 0.856122 0.67304 0.845808 0.662902 0.809869 0.705901 0.770989 0.731963 0.809869 0.705901 0.767926 0.69382 0.809869 0.705901 0.884871 0.679676 0.856122 0.67304 0.856122 0.67304 0.884871 0.679676 0.902043 0.659942 0.884871 0.679676 0.885218 0.69627 0.928541 0.683629 0.884871 0.679676 0.91805 0.669758 0.902043 0.659942 0.91805 0.669758 0.884871 0.679676 0.928541 0.683629 0.959249 0.67481 0.928541 0.683629 0.982873 0.708593 0.945646 0.664605 0.91805 0.669758 0.959249 0.67481 0.91805 0.669758 0.945646 0.664605 0.940263 0.655505 0.902043 0.659942 0.91805 0.669758 0.940263 0.655505 0.845808 0.662902 0.856122 0.67304 0.902043 0.659942 0.892574 0.651994 0.845808 0.662902 0.902043 0.659942 0.892574 0.651994 0.890963 0.641389 0.845808 0.662902 0.845808 0.662902 0.836944 0.629173 0.777628 0.628455 0.767926 0.69382 0.845808 0.662902 0.777628 0.628455 0.732382 0.716302 0.739424 0.719264 0.767926 0.69382 0.723625 0.697215 0.767926 0.69382 0.777628 0.628455 0.739424 0.719264 0.770989 0.731963 0.767926 0.69382 0.732382 0.716302 0.767926 0.69382 0.723625 0.697215 0.741368 0.621401 0.723625 0.697215 0.777628 0.628455 0.777628 0.628455 0.836944 0.629173 0.784109 0.603017 0.836944 0.629173 0.890963 0.641389 0.840856 0.60411 0.836944 0.629173 0.840856 0.60411 0.784109 0.603017 0.890963 0.641389 0.836944 0.629173 0.845808 0.662902 0.899672 0.600197 0.890963 0.641389 0.930559 0.635916 0.890963 0.641389 0.899672 0.600197 0.840856 0.60411 0.890963 0.641389 0.892574 0.651994 0.93646 0.646805 0.93646 0.646805 0.892574 0.651994 0.940263 0.655505 0.892574 0.651994 0.902043 0.659942 0.940263 0.655505 0.930559 0.635916 0.890963 0.641389 0.93646 0.646805 0.741368 0.621401 0.777628 0.628455 0.784109 0.603017 0.756243 0.597333 0.741368 0.621401 0.784109 0.603017 0.91805 0.669758 0.928541 0.683629 0.959249 0.67481 0.716249 0.782018 0.787537 0.790282 0.80418 0.767134 0.787537 0.790282 0.716249 0.782018 0.713985 0.786375 0.787537 0.790282 0.713985 0.786375 0.732553 0.803701 0.833785 0.819629 0.787537 0.790282 0.732553 0.803701 0.833785 0.819629 0.872145 0.777342 0.787537 0.790282 0.872145 0.777342 0.80418 0.767134 0.787537 0.790282 0.732451 0.758702 0.716249 0.782018 0.80418 0.767134 0.795626 0.756982 0.732451 0.758702 0.80418 0.767134 0.795626 0.756982 0.80418 0.767134 0.872145 0.777342 0.888315 0.745766 0.795626 0.756982 0.872145 0.777342 0.890561 0.836373 0.933763 0.783423 0.872145 0.777342 0.833785 0.819629 0.890561 0.836373 0.872145 0.777342 0.813469 0.845632 0.857496 0.851789 0.833785 0.819629 0.813469 0.845632 0.833785 0.819629 0.732553 0.803701 0.857496 0.851789 0.890561 0.836373 0.833785 0.819629 0.890561 0.836373 0.857496 0.851789 0.941196 0.853362 0.933763 0.783423 0.890561 0.836373 0.941196 0.853362 0.933763 0.783423 0.939503 0.754954 0.888315 0.745766 0.872145 0.777342 0.933763 0.783423 0.888315 0.745766 0.939503 0.754954 0.933763 0.783423 0.990579 0.783103 0.974548 0.754541 0.939503 0.754954 0.990579 0.783103 0.990579 0.783103 0.933763 0.783423 0.941196 0.853362 0.857496 0.851789 0.907003 0.868518 0.941196 0.853362 0.725111 0.810249 0.670161 0.747396 0.682823 0.817288 0.670161 0.747396 0.62934 0.745883 0.65853 0.821541 0.62934 0.745883 0.670161 0.747396 0.634106 0.710271 0.682823 0.817288 0.670161 0.747396 0.65853 0.821541 0.725111 0.810249 0.682823 0.817288 0.706483 0.849778 0.682823 0.817288 0.65853 0.821541 0.706483 0.849778 0.65853 0.821541 0.676545 0.855624 0.706483 0.849778 0.746033 0.8364 0.725111 0.810249 0.706483 0.849778 0.579749 0.767878 0.598885 0.824657 0.65853 0.821541 0.62934 0.745883 0.579749 0.767878 0.65853 0.821541 0.62934 0.745883 0.599413 0.7408 0.579749 0.767878 0.62934 0.745883 0.634106 0.710271 0.599413 0.7408 0.579749 0.767878 0.599413 0.7408 0.548863 0.757299 0.599413 0.7408 0.544107 0.74626 0.548863 0.757299 0.578758 0.721686 0.599413 0.7408 0.634106 0.710271 0.589712 0.691339 0.578758 0.721686 0.634106 0.710271 0.589712 0.691339 0.574609 0.689563 0.578758 0.721686 0.578758 0.721686 0.574609 0.689563 0.534563 0.69209 0.552645 0.7226 0.578758 0.721686 0.534563 0.69209 0.599413 0.7408 0.578758 0.721686 0.552645 0.7226 0.544107 0.74626 0.599413 0.7408 0.552645 0.7226 0.494438 0.753895 0.544107 0.74626 0.493839 0.744283 0.544107 0.74626 0.552645 0.7226 0.523773 0.705276 0.494438 0.753895 0.548863 0.757299 0.544107 0.74626 0.548863 0.757299 0.523948 0.784535 0.579749 0.767878 0.579749 0.767878 0.546591 0.824225 0.598885 0.824657 0.65853 0.821541 0.598885 0.824657 0.676545 0.855624 0.598885 0.824657 0.590915 0.855322 0.676545 0.855624 0.598885 0.824657 0.546591 0.824225 0.590915 0.855322 0.546591 0.824225 0.540589 0.846292 0.590915 0.855322 0.579749 0.767878 0.523948 0.784535 0.546591 0.824225 0.494438 0.753895 0.523948 0.784535 0.548863 0.757299 0.493839 0.744283 0.544107 0.74626 0.523773 0.705276 0.531034 0.692875 0.523773 0.705276 0.552645 0.7226 0.531034 0.692875 0.552645 0.7226 0.534563 0.69209 0.765515 0.526322 0.799165 0.548422 0.863973 0.526116 0.799165 0.548422 0.734193 0.546504 0.736994 0.583591 0.812167 0.577987 0.799165 0.548422 0.736994 0.583591 0.812167 0.577987 0.884613 0.560776 0.799165 0.548422 0.884613 0.560776 0.863973 0.526116 0.799165 0.548422 0.734193 0.546504 0.799165 0.548422 0.765515 0.526322 0.840355 0.504204 0.765515 0.526322 0.863973 0.526116 0.920148 0.51525 0.863973 0.526116 0.938786 0.549727 0.863973 0.526116 0.920148 0.51525 0.884076 0.498127 0.863973 0.526116 0.884613 0.560776 0.938786 0.549727 0.840355 0.504204 0.863973 0.526116 0.884076 0.498127 0.911381 0.487376 0.884076 0.498127 0.953018 0.502907 0.884076 0.498127 0.920148 0.51525 0.953018 0.502907 0.953018 0.502907 0.920148 0.51525 0.992881 0.548886 0.920148 0.51525 0.938786 0.549727 0.992881 0.548886 0.938786 0.549727 0.884613 0.560776 0.936627 0.558213 0.992881 0.548886 0.938786 0.549727 0.992072 0.558608 0.840755 0.57569 0.884322 0.565348 0.884613 0.560776 0.812167 0.577987 0.840755 0.57569 0.884613 0.560776 0.813967 0.587237 0.812167 0.577987 0.736994 0.583591 0.813967 0.587237 0.839638 0.580211 0.812167 0.577987 0.740043 0.589374 0.813967 0.587237 0.736994 0.583591 0.804496 0.594703 0.813967 0.587237 0.740043 0.589374 0.899921 0.596381 0.813967 0.587237 0.804496 0.594703 0.899921 0.596381 0.839638 0.580211 0.813967 0.587237 0.899921 0.596381 0.884322 0.565348 0.840755 0.57569 0.899921 0.596381 0.948182 0.583667 0.884322 0.565348 0.884613 0.560776 0.884322 0.565348 0.936627 0.558213 0.936627 0.558213 0.948182 0.583667 0.992072 0.558608 0.938786 0.549727 0.936627 0.558213 0.992072 0.558608 0.948182 0.583667 0.981749 0.58261 0.992072 0.558608 0.948182 0.583667 0.936627 0.558213 0.884322 0.565348 0.840755 0.57569 0.839638 0.580211 0.899921 0.596381 0.839638 0.580211 0.840755 0.57569 0.812167 0.577987 0.735652 0.538466 0.734193 0.546504 0.765515 0.526322 0.492833 0.505857 0.445214 0.537877 0.510267 0.557383 0.445214 0.537877 0.492833 0.505857 0.38392 0.514491 0.562707 0.536712 0.492833 0.505857 0.510267 0.557383 0.568753 0.475188 0.518705 0.473875 0.492833 0.505857 0.562707 0.536712 0.568753 0.475188 0.492833 0.505857 0.510267 0.557383 0.56666 0.575039 0.562707 0.536712 0.56666 0.575039 0.602666 0.556648 0.562707 0.536712 0.562707 0.536712 0.607583 0.538438 0.568753 0.475188 0.607583 0.538438 0.562707 0.536712 0.602666 0.556648 0.607583 0.538438 0.609211 0.47248 0.568753 0.475188 0.579953 0.450569 0.536265 0.447264 0.568753 0.475188 0.568753 0.475188 0.609211 0.47248 0.579953 0.450569 0.536265 0.447264 0.518705 0.473875 0.568753 0.475188 0.518705 0.473875 0.467488 0.4527 0.429239 0.483748 0.504973 0.434083 0.467488 0.4527 0.518705 0.473875 0.504973 0.434083 0.518705 0.473875 0.536265 0.447264 0.492833 0.505857 0.518705 0.473875 0.429239 0.483748 0.492833 0.505857 0.429239 0.483748 0.38392 0.514491 0.609211 0.47248 0.610423 0.448144 0.579953 0.450569 0.613011 0.556458 0.607583 0.538438 0.602666 0.556648 0.202803 0.827692 0.186699 0.84465 0.2277539 0.85043 0.163518 0.810027 0.127695 0.812937 0.186699 0.84465 0.202803 0.827692 0.163518 0.810027 0.186699 0.84465 0.233591 0.83212 0.202803 0.827692 0.2277539 0.85043 0.233591 0.83212 0.2277539 0.85043 0.26957 0.850508 0.26411 0.831096 0.233591 0.83212 0.26957 0.850508 0.26411 0.831096 0.26957 0.850508 0.274279 0.850127 0.268747 0.831163 0.26411 0.831096 0.274279 0.850127 0.268747 0.831163 0.274279 0.850127 0.283073 0.848942 0.277454 0.831318 0.268747 0.831163 0.283073 0.848942 0.277454 0.831318 0.283073 0.848942 0.334153 0.81772 0.295076 0.811441 0.277454 0.831318 0.334153 0.81772 0.295076 0.811441 0.334153 0.81772 0.301516 0.805611 0.334153 0.81772 0.337978 0.810294 0.301516 0.805611 0.301516 0.805611 0.337978 0.810294 0.302104 0.802563 0.337978 0.810294 0.340354 0.807365 0.302104 0.802563 0.302104 0.802563 0.340354 0.807365 0.308287 0.791475 0.340354 0.807365 0.346574 0.793071 0.308287 0.791475 0.308287 0.791475 0.346574 0.793071 0.31128 0.788409 0.346574 0.793071 0.346572 0.789431 0.31128 0.788409 0.31128 0.788409 0.346572 0.789431 0.314602 0.760055 0.289264 0.774369 0.31128 0.788409 0.314602 0.760055 0.289264 0.774369 0.314602 0.760055 0.297749 0.753674 0.276128 0.769047 0.289264 0.774369 0.297749 0.753674 0.276128 0.769047 0.297749 0.753674 0.292148 0.751586 0.27161 0.766636 0.276128 0.769047 0.292148 0.751586 0.27161 0.766636 0.292148 0.751586 0.276657 0.747072 0.259909 0.761904 0.27161 0.766636 0.276657 0.747072 0.259909 0.761904 0.276657 0.747072 0.242752 0.742556 0.2374899 0.760619 0.259909 0.761904 0.242752 0.742556 0.2374899 0.760619 0.242752 0.742556 0.228802 0.742245 0.225738 0.76029 0.2374899 0.760619 0.228802 0.742245 0.225738 0.76029 0.228802 0.742245 0.215996 0.760099 0.228802 0.742245 0.217698 0.742007 0.215996 0.760099 0.215996 0.760099 0.217698 0.742007 0.184087 0.762866 0.217698 0.742007 0.1561239 0.753575 0.184087 0.762866 0.184087 0.762866 0.1561239 0.753575 0.180581 0.768486 0.1561239 0.753575 0.148514 0.75855 0.180581 0.768486 0.180581 0.768486 0.148514 0.75855 0.177002 0.772415 0.148514 0.75855 0.1441349 0.76264 0.177002 0.772415 0.177002 0.772415 0.1441349 0.76264 0.173877 0.776434 0.1441349 0.76264 0.139555 0.766585 0.173877 0.776434 0.173877 0.776434 0.139555 0.766585 0.158981 0.796443 0.139555 0.766585 0.123888 0.79738 0.158981 0.796443 0.158981 0.796443 0.123888 0.79738 0.125025 0.808299 0.1639569 0.805343 0.158981 0.796443 0.125025 0.808299 0.1639569 0.805343 0.125025 0.808299 0.127695 0.812937 0.163518 0.810027 0.1639569 0.805343 0.127695 0.812937 0.12954 0.418415 0.159225 0.325568 0.06782495 0.316929 0.2481909 0.420666 0.2481999 0.329664 0.159225 0.325568 0.12954 0.418415 0.2481909 0.420666 0.159225 0.325568 0.06782495 0.316929 0.159225 0.325568 0.07871395 0.309636 0.2481999 0.329664 0.248172 0.286166 0.159225 0.325568 0.248172 0.286166 0.17335 0.284041 0.159225 0.325568 0.159225 0.325568 0.17335 0.284041 0.07871395 0.309636 0.17335 0.284041 0.113728 0.275039 0.07871395 0.309636 0.248172 0.286166 0.2481999 0.329664 0.337181 0.325574 0.337181 0.325574 0.2481999 0.329664 0.2481909 0.420666 0.322973 0.284037 0.248172 0.286166 0.337181 0.325574 0.367162 0.418608 0.337181 0.325574 0.2481909 0.420666 0.428521 0.316858 0.337181 0.325574 0.367162 0.418608 0.293491 0.470914 0.367162 0.418608 0.2481909 0.420666 0.2020339 0.470802 0.2481909 0.420666 0.12954 0.418415 0.008538961 0.412168 0.12954 0.418415 0.06782495 0.316929 0.12954 0.418415 0.08556199 0.465383 0.148585 0.447646 0.2020339 0.470802 0.12954 0.418415 0.148585 0.447646 0.08556199 0.465383 0.12954 0.418415 0.008538961 0.412168 0.08556199 0.465383 0.008538961 0.412168 0.02384096 0.437571 0.293491 0.470914 0.2481909 0.420666 0.247976 0.445713 0.2481909 0.420666 0.2020339 0.470802 0.247976 0.445713 0.367162 0.418608 0.293491 0.470914 0.347288 0.447905 0.415114 0.464042 0.488287 0.411927 0.367162 0.418608 0.488287 0.411927 0.428521 0.316858 0.367162 0.418608 0.415114 0.464042 0.367162 0.418608 0.347288 0.447905 0.488287 0.411927 0.415114 0.464042 0.475972 0.435249 0.428521 0.316858 0.417622 0.309572 0.337181 0.325574 0.322973 0.284037 0.337181 0.325574 0.417622 0.309572 0.382561 0.274996 0.322973 0.284037 0.417622 0.309572 0.01820296 0.826554 0.115394 0.814531 0.106239 0.789389 0.05105799 0.860184 0.148283 0.838396 0.115394 0.814531 0.01820296 0.826554 0.05105799 0.860184 0.115394 0.814531 0.007621943 0.789389 0.01820296 0.826554 0.106239 0.789389 0.05105799 0.860184 0.09354197 0.884071 0.148283 0.838396 0.09354197 0.884071 0.191372 0.85253 0.148283 0.838396 0.191372 0.85253 0.09354197 0.884071 0.263031 0.884072 0.09354197 0.884071 0.141032 0.906903 0.263031 0.884072 0.263031 0.857118 0.191372 0.85253 0.263031 0.884072 0.263031 0.884072 0.432519 0.884071 0.33469 0.85253 0.263031 0.857118 0.263031 0.884072 0.33469 0.85253 0.37778 0.838396 0.33469 0.85253 0.432519 0.884071 0.38503 0.906903 0.432519 0.884071 0.263031 0.884072 0.263031 0.906903 0.38503 0.906903 0.263031 0.884072 0.141032 0.906903 0.263031 0.906903 0.263031 0.884072 0.475005 0.860184 0.37778 0.838396 0.432519 0.884071 0.475005 0.860184 0.507859 0.826554 0.410667 0.814531 0.37778 0.838396 0.475005 0.860184 0.410667 0.814531 0.419823 0.789389 0.410667 0.814531 0.507859 0.826554 0.51844 0.789389 0.419823 0.789389 0.507859 0.826554 0.957447 0.934781 0.957447 0.873782 0.923002 0.902423 0.923002 0.902423 0.957447 0.873782 0.870444 0.88902 0.870444 0.873782 0.870444 0.88902 0.957447 0.873782 0.944772 0.934781 0.957447 0.934781 0.923002 0.902423 0.944772 0.934781 0.923002 0.967139 0.957447 0.934781 0.923002 0.967139 0.957447 0.995781 0.957447 0.934781 0.870444 0.980542 0.957447 0.995781 0.923002 0.967139 0.870444 0.980542 0.870444 0.995781 0.957447 0.995781 0.04255795 0.26057 0.140724 0.26057 0.007515966 0.23752 0.585876 0.23752 0.007515966 0.23752 0.140724 0.26057 0.4522 0.26057 0.585876 0.23752 0.140724 0.26057 0.4522 0.26057 0.140724 0.26057 0.296467 0.269989 0.296467 0.269989 0.140724 0.26057 0.144178 0.26999 0.4522 0.26057 0.296467 0.269989 0.448759 0.269985 0.585876 0.23752 0.4522 0.26057 0.549521 0.26057 0.585876 0.23752 0.585876 0.004083991 0.007268965 0.004083991 0.007515966 0.23752 0.585876 0.23752 0.007268965 0.004083991 0.007515966 0.23752 0.007308959 0.322182 0.04255795 0.26057 0.007308959 0.322182 0.04255795 0.322204 0.04255795 0.26057 0.585876 0.322527 0.585876 0.23752 0.549521 0.26057 0.54938 0.322507 0.585876 0.322527 0.549521 0.26057 0.973603 0.155381 0.991204 0.155892 0.993124 0.119779 0.985779 0.1815519 0.991204 0.155892 0.973603 0.155381 0.975519 0.119733 0.973603 0.155381 0.993124 0.119779 0.993124 0.119779 0.991968 0.08365899 0.974357 0.08407598 0.975519 0.119733 0.993124 0.119779 0.974357 0.08407598 0.991968 0.08365899 0.987088 0.057971 0.974357 0.08407598 0.987088 0.057971 0.969661 0.05906999 0.974357 0.08407598 0.987088 0.057971 0.97821 0.029235 0.960967 0.03103095 0.969661 0.05906999 0.987088 0.057971 0.960967 0.03103095 0.960967 0.03103095 0.97821 0.029235 0.950461 0.007901966 0.97821 0.029235 0.966835 0.004201948 0.950461 0.007901966 0.968378 0.180361 0.985779 0.1815519 0.973603 0.155381 0.968378 0.180361 0.959091 0.208352 0.985779 0.1815519 0.959091 0.208352 0.976294 0.2102389 0.985779 0.1815519 0.959091 0.208352 0.948094 0.231425 0.976294 0.2102389 0.948094 0.231425 0.96439 0.235211 0.976294 0.2102389 0.896329 0.266914 0.90481 0.243687 0.751551 0.243687 0.751551 0.308463 0.751551 0.243687 0.680825 0.303875 0.751551 0.243687 0.864403 0.29026 0.896329 0.266914 0.751551 0.243687 0.59829 0.243687 0.606771 0.266914 0.638698 0.29026 0.751551 0.243687 0.606771 0.266914 0.751551 0.243687 0.638698 0.29026 0.680825 0.303875 0.751551 0.308463 0.822276 0.303875 0.751551 0.243687 0.822276 0.303875 0.864403 0.29026 0.751551 0.243687 0.853348 0.967704 0.730335 0.967669 0.766192 0.9953 0.730335 0.967669 0.853348 0.967704 0.730335 0.935614 0.853348 0.995325 0.853348 0.967704 0.766192 0.9953 0.853348 0.967704 0.853348 0.935614 0.730335 0.935614 0.730335 0.935614 0.853348 0.935614 0.730335 0.898036 0.853348 0.935614 0.853348 0.898071 0.730335 0.898036 0.730335 0.898036 0.853348 0.898071 0.730335 0.860313 0.853348 0.898071 0.853348 0.860348 0.730335 0.860313 0.941678 0.2381809 0.941678 0.004657983 0.772703 0.004657983 0.772703 0.2381809 0.941678 0.2381809 0.772703 0.004657983 0.009093999 0.995497 0.590967 0.995497 0.590968 0.91101 0.009094953 0.91101 0.009093999 0.995497 0.590968 0.91101 0.595088 0.004496991 0.595088 0.238019 0.764063 0.238019 0.764063 0.004496991 0.595088 0.004496991 0.764063 0.238019 0.599407 0.860013 0.599377 0.897737 0.72239 0.897762 0.599377 0.897737 0.599347 0.935314 0.72236 0.935339 0.72239 0.897762 0.599377 0.897737 0.72236 0.935339 0.72242 0.860038 0.599407 0.860013 0.72239 0.897762 0.72236 0.935339 0.599347 0.935314 0.722334 0.967395 0.599347 0.935314 0.599321 0.96737 0.722334 0.967395 0.722334 0.967395 0.599321 0.96737 0.686302 0.995008 0.599321 0.96737 0.599299 0.99499 0.686302 0.995008 0.06782495 0.316929 0.159225 0.325568 0.12954 0.418415 0.159225 0.325568 0.2481999 0.329664 0.2481909 0.420666 0.12954 0.418415 0.159225 0.325568 0.2481909 0.420666 0.07871395 0.309636 0.159225 0.325568 0.06782495 0.316929 0.2481999 0.329664 0.159225 0.325568 0.248172 0.286166 0.159225 0.325568 0.17335 0.284041 0.248172 0.286166 0.159225 0.325568 0.07871395 0.309636 0.17335 0.284041 0.07871395 0.309636 0.113728 0.275039 0.17335 0.284041 0.2481999 0.329664 0.248172 0.286166 0.337181 0.325574 0.2481999 0.329664 0.337181 0.325574 0.2481909 0.420666 0.2481909 0.420666 0.367162 0.418608 0.293491 0.470914 0.337181 0.325574 0.367162 0.418608 0.2481909 0.420666 0.12954 0.418415 0.2481909 0.420666 0.2020339 0.470802 0.008538961 0.412168 0.06782495 0.316929 0.12954 0.418415 0.148585 0.447646 0.08556199 0.465383 0.12954 0.418415 0.008538961 0.412168 0.12954 0.418415 0.08556199 0.465383 0.148585 0.447646 0.12954 0.418415 0.2020339 0.470802 0.247976 0.445713 0.2020339 0.470802 0.2481909 0.420666 0.247976 0.445713 0.2481909 0.420666 0.293491 0.470914 0.347288 0.447905 0.293491 0.470914 0.367162 0.418608 0.367162 0.418608 0.488287 0.411927 0.415114 0.464042 0.428521 0.316858 0.488287 0.411927 0.367162 0.418608 0.337181 0.325574 0.428521 0.316858 0.367162 0.418608 0.337181 0.325574 0.322973 0.284037 0.417622 0.309572 0.337181 0.325574 0.417622 0.309572 0.428521 0.316858 0.322973 0.284037 0.382561 0.274996 0.417622 0.309572 0.248172 0.286166 0.322973 0.284037 0.337181 0.325574 0.347288 0.447905 0.367162 0.418608 0.415114 0.464042 0.475972 0.435249 0.415114 0.464042 0.488287 0.411927 0.02384096 0.437571 0.008538961 0.412168 0.08556199 0.465383 0.405733 0.665218 0.437659 0.648964 0.471975 0.666923 0.405733 0.665218 0.412244 0.628893 0.437659 0.648964 0.423304 0.691523 0.405733 0.665218 0.471975 0.666923 0.423304 0.691523 0.471975 0.666923 0.501601 0.692297 0.420961 0.699463 0.393593 0.692365 0.423304 0.691523 0.501601 0.692297 0.420961 0.699463 0.423304 0.691523 0.420961 0.699463 0.501601 0.692297 0.476179 0.718195 0.420961 0.699463 0.476179 0.718195 0.39881 0.718747 0.39881 0.718747 0.436572 0.733072 0.40887 0.750183 0.356203 0.724098 0.39881 0.718747 0.40887 0.750183 0.476179 0.718195 0.436572 0.733072 0.39881 0.718747 0.356203 0.724098 0.309978 0.7511 0.313171 0.719018 0.356203 0.724098 0.360694 0.772955 0.309978 0.7511 0.309978 0.7511 0.268158 0.736763 0.313171 0.719018 0.313171 0.719018 0.268158 0.736763 0.236634 0.716173 0.289714 0.69964 0.313171 0.719018 0.236634 0.716173 0.289714 0.69964 0.236634 0.716173 0.208118 0.691785 0.287797 0.691645 0.31744 0.692899 0.289714 0.69964 0.208118 0.691785 0.287797 0.691645 0.289714 0.69964 0.287797 0.691645 0.208118 0.691785 0.23821 0.667949 0.287797 0.691645 0.23821 0.667949 0.303045 0.663807 0.355977 0.648673 0.303045 0.663807 0.305423 0.62663 0.303045 0.663807 0.23821 0.667949 0.26598 0.646038 0.303045 0.663807 0.26598 0.646038 0.305423 0.62663 0.355977 0.648673 0.305423 0.62663 0.360677 0.607544 0.355977 0.648673 0.360677 0.607544 0.412244 0.628893 0.355977 0.648673 0.412244 0.628893 0.405733 0.665218 0.356203 0.724098 0.40887 0.750183 0.360694 0.772955 0.106239 0.789389 0.115394 0.814531 0.01820296 0.826554 0.05105799 0.860184 0.01820296 0.826554 0.115394 0.814531 0.148283 0.838396 0.05105799 0.860184 0.115394 0.814531 0.05105799 0.860184 0.148283 0.838396 0.09354197 0.884071 0.148283 0.838396 0.191372 0.85253 0.09354197 0.884071 0.263031 0.884072 0.09354197 0.884071 0.191372 0.85253 0.09354197 0.884071 0.263031 0.884072 0.141032 0.906903 0.263031 0.857118 0.263031 0.884072 0.191372 0.85253 0.33469 0.85253 0.432519 0.884071 0.263031 0.884072 0.263031 0.857118 0.33469 0.85253 0.263031 0.884072 0.38503 0.906903 0.263031 0.906903 0.263031 0.884072 0.432519 0.884071 0.38503 0.906903 0.263031 0.884072 0.263031 0.884072 0.263031 0.906903 0.141032 0.906903 0.475005 0.860184 0.432519 0.884071 0.37778 0.838396 0.432519 0.884071 0.33469 0.85253 0.37778 0.838396 0.475005 0.860184 0.37778 0.838396 0.410667 0.814531 0.507859 0.826554 0.475005 0.860184 0.410667 0.814531 0.507859 0.826554 0.410667 0.814531 0.419823 0.789389 0.51844 0.789389 0.507859 0.826554 0.419823 0.789389 0.007621943 0.789389 0.106239 0.789389 0.01820296 0.826554 0.923002 0.902423 0.957447 0.873782 0.957447 0.934781 0.870444 0.88902 0.957447 0.873782 0.923002 0.902423 0.957447 0.873782 0.870444 0.88902 0.870444 0.873782 0.944772 0.934781 0.923002 0.902423 0.957447 0.934781 0.944772 0.934781 0.957447 0.934781 0.923002 0.967139 0.957447 0.934781 0.957447 0.995781 0.923002 0.967139 0.923002 0.967139 0.957447 0.995781 0.870444 0.980542 0.957447 0.995781 0.870444 0.995781 0.870444 0.980542 0.007515966 0.23752 0.140724 0.26057 0.04255795 0.26057 0.140724 0.26057 0.007515966 0.23752 0.585876 0.23752 0.4522 0.26057 0.140724 0.26057 0.585876 0.23752 0.296467 0.269989 0.140724 0.26057 0.4522 0.26057 0.144178 0.26999 0.140724 0.26057 0.296467 0.269989 0.448759 0.269985 0.296467 0.269989 0.4522 0.26057 0.549521 0.26057 0.4522 0.26057 0.585876 0.23752 0.007268965 0.004083991 0.585876 0.004083991 0.585876 0.23752 0.007515966 0.23752 0.007268965 0.004083991 0.585876 0.23752 0.007515966 0.23752 0.04255795 0.26057 0.007308959 0.322182 0.04255795 0.26057 0.04255795 0.322204 0.007308959 0.322182 0.585876 0.23752 0.585876 0.322527 0.549521 0.26057 0.585876 0.322527 0.54938 0.322507 0.549521 0.26057 0.993124 0.119779 0.991204 0.155892 0.973603 0.155381 0.991204 0.155892 0.985779 0.1815519 0.973603 0.155381 0.975519 0.119733 0.993124 0.119779 0.973603 0.155381 0.985779 0.1815519 0.968378 0.180361 0.973603 0.155381 0.985779 0.1815519 0.976294 0.2102389 0.959091 0.208352 0.968378 0.180361 0.985779 0.1815519 0.959091 0.208352 0.959091 0.208352 0.976294 0.2102389 0.948094 0.231425 0.976294 0.2102389 0.96439 0.235211 0.948094 0.231425 0.975519 0.119733 0.974357 0.08407598 0.993124 0.119779 0.974357 0.08407598 0.991968 0.08365899 0.993124 0.119779 0.987088 0.057971 0.991968 0.08365899 0.974357 0.08407598 0.969661 0.05906999 0.987088 0.057971 0.974357 0.08407598 0.969661 0.05906999 0.960967 0.03103095 0.987088 0.057971 0.960967 0.03103095 0.97821 0.029235 0.987088 0.057971 0.960967 0.03103095 0.950461 0.007901966 0.97821 0.029235 0.950461 0.007901966 0.966835 0.004201948 0.97821 0.029235 0.751551 0.243687 0.90481 0.243687 0.896329 0.266914 0.896329 0.266914 0.864403 0.29026 0.751551 0.243687 0.680825 0.303875 0.751551 0.243687 0.751551 0.308463 0.680825 0.303875 0.638698 0.29026 0.751551 0.243687 0.606771 0.266914 0.59829 0.243687 0.751551 0.243687 0.751551 0.243687 0.822276 0.303875 0.751551 0.308463 0.751551 0.243687 0.864403 0.29026 0.822276 0.303875 0.606771 0.266914 0.751551 0.243687 0.638698 0.29026 0.853348 0.967704 0.853348 0.995325 0.766192 0.9953 0.730335 0.967669 0.853348 0.967704 0.766192 0.9953 0.730335 0.967669 0.730335 0.935614 0.853348 0.967704 0.730335 0.935614 0.853348 0.935614 0.853348 0.967704 0.730335 0.935614 0.730335 0.898036 0.853348 0.935614 0.730335 0.898036 0.853348 0.898071 0.853348 0.935614 0.730335 0.898036 0.730335 0.860313 0.853348 0.898071 0.730335 0.860313 0.853348 0.860348 0.853348 0.898071 0.772703 0.004657983 0.941678 0.004657983 0.941678 0.2381809 0.772703 0.2381809 0.772703 0.004657983 0.941678 0.2381809 0.590968 0.91101 0.590967 0.995497 0.009093999 0.995497 0.009094953 0.91101 0.590968 0.91101 0.009093999 0.995497 0.764063 0.238019 0.595088 0.238019 0.595088 0.004496991 0.764063 0.004496991 0.764063 0.238019 0.595088 0.004496991 0.72239 0.897762 0.599377 0.897737 0.599407 0.860013 0.72236 0.935339 0.599347 0.935314 0.599377 0.897737 0.72239 0.897762 0.72236 0.935339 0.599377 0.897737 0.72242 0.860038 0.72239 0.897762 0.599407 0.860013 0.72236 0.935339 0.722334 0.967395 0.599347 0.935314 0.722334 0.967395 0.599321 0.96737 0.599347 0.935314 0.722334 0.967395 0.686302 0.995008 0.599321 0.96737 0.686302 0.995008 0.599299 0.99499 0.599321 0.96737</float_array>
          <technique_common>
            <accessor source="#UniqueTombstone-mesh-map-0-array" count="3336" stride="2">
              <param name="S" type="float"/>
              <param name="T" type="float"/>
            </accessor>
          </technique_common>
        </source>
        <vertices id="UniqueTombstone-mesh-vertices">
          <input semantic="POSITION" source="#UniqueTombstone-mesh-positions"/>
        </vertices>
        <triangles material="UniqueTombstone-material" count="1112">
          <input semantic="VERTEX" source="#UniqueTombstone-mesh-vertices" offset="0"/>
          <input semantic="NORMAL" source="#UniqueTombstone-mesh-normals" offset="1"/>
          <input semantic="TEXCOORD" source="#UniqueTombstone-mesh-map-0" offset="2" set="0"/>
          <p>2 0 0 0 1 1 1 2 2 1 2 3 0 1 4 28 3 5 3 4 6 2 0 7 1 2 8 29 5 9 1 2 10 28 3 11 29 5 12 28 3 13 63 6 14 28 3 15 65 7 16 63 6 17 63 6 18 65 7 19 66 8 20 61 9 21 63 6 22 66 8 23 66 8 24 85 10 25 61 9 26 85 10 27 84 11 28 61 9 29 84 11 30 85 10 31 82 12 32 83 13 33 84 11 34 82 12 35 83 13 36 82 12 37 26 14 38 27 15 39 83 13 40 26 14 41 26 14 42 24 16 43 25 17 44 27 15 45 26 14 46 25 17 47 22 18 48 25 17 49 20 19 50 25 17 51 24 16 52 20 19 53 22 18 54 20 19 55 21 20 56 23 21 57 22 18 58 21 20 59 93 22 60 23 21 61 92 23 62 23 21 63 21 20 64 92 23 65 93 22 66 92 23 67 111 24 68 92 23 69 144 25 70 111 24 71 111 24 72 144 25 73 17 26 74 19 27 75 17 26 76 18 28 77 144 25 78 18 28 79 17 26 80 19 27 81 18 28 82 99 29 83 100 30 84 19 27 85 99 29 86 100 30 87 99 29 88 98 31 89 99 29 90 15 32 91 98 31 92 98 31 93 15 32 94 16 33 95 16 33 96 15 32 97 11 34 98 13 35 99 16 33 100 11 34 101 13 35 102 11 34 103 12 36 104 14 37 105 13 35 106 12 36 107 14 37 108 12 36 109 9 38 110 10 39 111 14 37 112 9 38 113 9 38 114 7 40 115 8 41 116 10 39 117 9 38 118 8 41 119 88 42 120 8 41 121 4 43 122 8 41 123 7 40 124 4 43 125 6 44 126 4 43 127 5 45 128 5 45 129 4 43 130 106 46 131 4 43 132 105 47 133 106 46 134 88 42 135 4 43 136 6 44 137 113 48 138 6 44 139 114 49 140 6 44 141 5 45 142 114 49 143 114 49 144 148 50 145 113 48 146 148 50 147 147 51 148 113 48 149 147 51 150 38 52 151 113 48 152 106 46 153 105 47 154 109 53 155 109 53 156 105 47 157 110 54 158 110 54 159 105 47 160 140 55 161 141 56 162 110 54 163 140 55 164 141 56 165 140 55 166 72 57 167 73 58 168 141 56 169 72 57 170 73 58 171 72 57 172 2 0 173 3 4 174 73 58 175 2 0 176 3 4 177 1 2 178 30 59 179 1 2 180 29 5 181 60 60 182 30 59 183 1 2 184 60 60 185 31 61 186 3 4 187 30 59 188 31 61 189 30 59 190 32 62 191 30 59 192 119 63 193 32 62 194 30 59 195 60 60 196 119 63 197 60 60 198 118 64 199 119 63 200 119 63 201 118 64 202 164 65 203 119 63 204 164 65 205 32 62 206 34 66 207 32 62 208 33 67 209 164 65 210 33 67 211 32 62 212 32 62 213 120 68 214 31 61 215 31 61 216 120 68 217 3 4 218 120 68 219 73 58 220 3 4 221 165 69 222 33 67 223 164 65 224 166 70 225 165 69 226 164 65 227 164 65 228 118 64 229 171 71 230 166 70 231 164 65 232 171 71 233 234 72 234 166 70 235 171 71 236 165 69 237 166 70 238 234 72 239 233 73 240 165 69 241 234 72 242 165 69 243 34 66 244 33 67 245 34 66 246 165 69 247 233 73 248 232 74 249 34 66 250 233 73 251 235 75 252 234 72 253 171 71 254 37 76 255 35 77 256 36 78 257 36 78 258 35 77 259 126 79 260 126 79 261 35 77 262 133 80 263 133 80 264 35 77 265 136 81 266 35 77 267 37 76 268 136 81 269 131 82 270 37 76 271 36 78 272 137 83 273 136 81 274 37 76 275 36 78 276 126 79 277 127 84 278 130 85 279 36 78 280 127 84 281 132 86 282 131 82 283 36 78 284 181 87 285 132 86 286 36 78 287 130 85 288 181 87 289 36 78 290 226 88 291 130 85 292 227 89 293 225 90 294 181 87 295 130 85 296 130 85 297 127 84 298 227 89 299 127 84 300 126 79 301 125 91 302 227 89 303 127 84 304 125 91 305 126 79 306 107 92 307 125 91 308 107 92 309 126 79 310 133 80 311 228 93 312 227 89 313 125 91 314 226 88 315 225 90 316 130 85 317 132 86 318 181 87 319 225 90 320 224 94 321 132 86 322 225 90 323 224 94 324 223 95 325 132 86 326 223 95 327 131 82 328 132 86 329 182 96 330 131 82 331 223 95 332 37 76 333 131 82 334 182 96 335 137 83 336 37 76 337 182 96 338 222 97 339 182 96 340 223 95 341 40 98 342 38 52 343 39 99 344 39 99 345 38 52 346 147 51 347 41 100 348 40 98 349 39 99 350 41 100 351 39 99 352 103 101 353 39 99 354 115 102 355 103 101 356 115 102 357 39 99 358 148 50 359 39 99 360 147 51 361 148 50 362 148 50 363 114 49 364 146 103 365 115 102 366 148 50 367 146 103 368 146 103 369 129 104 370 115 102 371 138 105 372 115 102 373 139 106 374 115 102 375 138 105 376 103 101 377 104 107 378 41 100 379 103 101 380 104 107 381 103 101 382 137 83 383 220 108 384 41 100 385 104 107 386 40 98 387 41 100 388 220 108 389 219 109 390 40 98 391 220 108 392 221 110 393 220 108 394 104 107 395 221 110 396 104 107 397 182 96 398 104 107 399 137 83 400 182 96 401 222 97 402 221 110 403 182 96 404 138 105 405 136 81 406 137 83 407 138 105 408 139 106 409 133 80 410 139 106 411 135 111 412 133 80 413 139 106 414 115 102 415 128 112 416 149 113 417 135 111 418 139 106 419 115 102 420 129 104 421 128 112 422 129 104 423 106 46 424 128 112 425 128 112 426 149 113 427 139 106 428 5 45 429 106 46 430 129 104 431 146 103 432 5 45 433 129 104 434 114 49 435 5 45 436 146 103 437 109 53 438 128 112 439 106 46 440 149 113 441 128 112 442 109 53 443 136 81 444 138 105 445 133 80 446 103 101 447 138 105 448 137 83 449 44 114 450 42 115 451 43 116 452 42 115 453 10 39 454 8 41 455 43 116 456 42 115 457 8 41 458 45 117 459 44 114 460 43 116 461 45 117 462 43 116 463 86 118 464 86 118 465 43 116 466 112 119 467 43 116 468 8 41 469 112 119 470 112 119 471 113 48 472 38 52 473 86 118 474 112 119 475 38 52 476 87 120 477 45 117 478 86 118 479 86 118 480 38 52 481 40 98 482 87 120 483 86 118 484 40 98 485 217 121 486 45 117 487 87 120 488 44 114 489 45 117 490 217 121 491 216 122 492 44 114 493 217 121 494 218 123 495 217 121 496 87 120 497 218 123 498 87 120 499 40 98 500 219 109 501 218 123 502 40 98 503 112 119 504 88 42 505 113 48 506 8 41 507 88 42 508 112 119 509 88 42 510 6 44 511 113 48 512 48 124 513 46 125 514 47 126 515 51 127 516 50 128 517 46 125 518 48 124 519 51 127 520 46 125 521 47 126 522 46 125 523 14 37 524 46 125 525 13 35 526 14 37 527 46 125 528 50 128 529 13 35 530 50 128 531 16 33 532 13 35 533 47 126 534 14 37 535 42 115 536 49 129 537 48 124 538 47 126 539 47 126 540 42 115 541 44 114 542 49 129 543 47 126 544 44 114 545 215 130 546 49 129 547 44 114 548 48 124 549 49 129 550 215 130 551 214 131 552 48 124 553 215 130 554 213 132 555 51 127 556 48 124 557 214 131 558 213 132 559 48 124 560 216 122 561 215 130 562 44 114 563 14 37 564 10 39 565 42 115 566 54 133 567 52 134 568 53 135 569 52 134 570 17 26 571 19 27 572 53 135 573 52 134 574 19 27 575 55 136 576 54 133 577 53 135 578 19 27 579 100 30 580 53 135 581 53 135 582 101 137 583 102 138 584 100 30 585 101 137 586 53 135 587 55 136 588 53 135 589 102 138 590 210 139 591 55 136 592 211 140 593 54 133 594 55 136 595 210 139 596 209 141 597 54 133 598 210 139 599 55 136 600 102 138 601 211 140 602 212 142 603 211 140 604 97 143 605 211 140 606 102 138 607 97 143 608 102 138 609 101 137 610 97 143 611 101 137 612 96 144 613 97 143 614 96 144 615 101 137 616 100 30 617 98 31 618 96 144 619 100 30 620 98 31 621 16 33 622 96 144 623 97 143 624 96 144 625 50 128 626 51 127 627 97 143 628 50 128 629 97 143 630 51 127 631 213 132 632 212 142 633 97 143 634 213 132 635 16 33 636 50 128 637 96 144 638 58 145 639 56 146 640 57 147 641 56 146 642 75 148 643 78 149 644 57 147 645 56 146 646 78 149 647 75 148 648 56 146 649 25 17 650 58 145 651 27 15 652 56 146 653 27 15 654 25 17 655 56 146 656 22 18 657 75 148 658 25 17 659 76 150 660 74 151 661 75 148 662 77 152 663 76 150 664 75 148 665 79 153 666 78 149 667 75 148 668 77 152 669 75 148 670 22 18 671 74 151 672 79 153 673 75 148 674 74 151 675 174 154 676 79 153 677 174 154 678 74 151 679 76 150 680 150 155 681 180 156 682 76 150 683 90 157 684 150 155 685 76 150 686 77 152 687 90 157 688 76 150 689 175 158 690 174 154 691 76 150 692 180 156 693 175 158 694 76 150 695 248 159 696 247 160 697 180 156 698 248 159 699 180 156 700 183 161 701 180 156 702 150 155 703 157 162 704 247 160 705 175 158 706 180 156 707 183 161 708 180 156 709 157 162 710 157 162 711 150 155 712 156 163 713 150 155 714 90 157 715 156 163 716 156 163 717 90 157 718 91 164 719 90 157 720 77 152 721 89 165 722 91 164 723 90 157 724 89 165 725 77 152 726 23 21 727 93 22 728 77 152 729 93 22 730 89 165 731 23 21 732 77 152 733 22 18 734 159 166 735 156 163 736 91 164 737 247 160 738 246 167 739 175 158 740 246 167 741 174 154 742 175 158 743 177 168 744 174 154 745 246 167 746 174 154 747 177 168 748 79 153 749 177 168 750 176 169 751 79 153 752 176 169 753 78 149 754 79 153 755 168 170 756 57 147 757 78 149 758 176 169 759 168 170 760 78 149 761 244 171 762 243 172 763 176 169 764 244 171 765 176 169 766 177 168 767 245 173 768 177 168 769 246 167 770 245 173 771 244 171 772 177 168 773 243 172 774 168 170 775 176 169 776 168 170 777 167 174 778 57 147 779 167 174 780 168 170 781 243 172 782 167 174 783 59 175 784 57 147 785 242 176 786 167 174 787 243 172 788 59 175 789 58 145 790 57 147 791 63 6 792 61 9 793 62 177 794 62 177 795 61 9 796 122 178 797 64 179 798 63 6 799 62 177 800 64 179 801 62 177 802 116 180 803 116 180 804 62 177 805 122 178 806 169 181 807 172 182 808 116 180 809 117 183 810 64 179 811 116 180 812 172 182 813 117 183 814 116 180 815 29 5 816 63 6 817 64 179 818 60 60 819 29 5 820 64 179 821 64 179 822 117 183 823 60 60 824 117 183 825 118 64 826 60 60 827 172 182 828 171 71 829 117 183 830 171 71 831 172 182 832 236 184 833 236 184 834 172 182 835 169 181 836 235 75 837 171 71 838 236 184 839 171 71 840 118 64 841 117 183 842 237 185 843 236 184 844 169 181 845 237 185 846 169 181 847 170 186 848 170 186 849 169 181 850 155 187 851 238 188 852 237 185 853 170 186 854 155 187 855 116 180 856 122 178 857 169 181 858 116 180 859 155 187 860 67 189 861 32 62 862 34 66 863 32 62 864 67 189 865 69 190 866 120 68 867 32 62 868 68 191 869 68 191 870 32 62 871 69 190 872 70 192 873 68 191 874 69 190 875 71 193 876 70 192 877 69 190 878 230 194 879 69 190 880 231 195 881 71 193 882 69 190 883 230 194 884 69 190 885 67 189 886 231 195 887 231 195 888 67 189 889 34 66 890 232 74 891 231 195 892 34 66 893 71 193 894 125 91 895 70 192 896 125 91 897 71 193 898 229 196 899 108 197 900 124 198 901 70 192 902 70 192 903 107 92 904 108 197 905 125 91 906 107 92 907 70 192 908 70 192 909 124 198 910 68 191 911 124 198 912 120 68 913 68 191 914 108 197 915 134 199 916 124 198 917 124 198 918 143 200 919 120 68 920 143 200 921 73 58 922 120 68 923 143 200 924 142 201 925 110 54 926 141 56 927 143 200 928 110 54 929 142 201 930 143 200 931 124 198 932 134 199 933 142 201 934 124 198 935 135 111 936 134 199 937 133 80 938 134 199 939 135 111 940 149 113 941 142 201 942 134 199 943 149 113 944 134 199 945 108 197 946 133 80 947 108 197 948 107 92 949 133 80 950 142 201 951 149 113 952 109 53 953 110 54 954 142 201 955 109 53 956 143 200 957 141 56 958 73 58 959 228 93 960 125 91 961 229 196 962 229 196 963 71 193 964 230 194 965 81 202 966 80 203 967 58 145 968 80 203 969 123 204 970 84 11 971 83 13 972 80 203 973 84 11 974 81 202 975 151 205 976 80 203 977 151 205 978 123 204 979 80 203 980 80 203 981 83 13 982 58 145 983 59 175 984 81 202 985 58 145 986 83 13 987 27 15 988 58 145 989 59 175 990 167 174 991 81 202 992 179 206 993 151 205 994 81 202 995 178 207 996 179 206 997 81 202 998 167 174 999 178 207 1000 81 202 1001 241 208 1002 178 207 1003 167 174 1004 242 176 1005 241 208 1006 167 174 1007 241 208 1008 240 209 1009 178 207 1010 240 209 1011 179 206 1012 178 207 1013 179 206 1014 173 210 1015 151 205 1016 240 209 1017 239 211 1018 179 206 1019 152 212 1020 123 204 1021 151 205 1022 153 213 1023 152 212 1024 151 205 1025 84 11 1026 123 204 1027 121 214 1028 121 214 1029 123 204 1030 154 215 1031 123 204 1032 152 212 1033 154 215 1034 152 212 1035 153 213 1036 155 187 1037 155 187 1038 154 215 1039 152 212 1040 121 214 1041 154 215 1042 155 187 1043 122 178 1044 121 214 1045 155 187 1046 61 9 1047 121 214 1048 122 178 1049 61 9 1050 84 11 1051 121 214 1052 170 186 1053 155 187 1054 153 213 1055 173 210 1056 153 213 1057 151 205 1058 170 186 1059 173 210 1060 239 211 1061 239 211 1062 173 210 1063 179 206 1064 238 188 1065 170 186 1066 239 211 1067 173 210 1068 170 186 1069 153 213 1070 95 216 1071 94 217 1072 52 134 1073 94 217 1074 111 24 1075 17 26 1076 52 134 1077 94 217 1078 17 26 1079 145 218 1080 94 217 1081 95 216 1082 94 217 1083 145 218 1084 89 165 1085 94 217 1086 89 165 1087 111 24 1088 89 165 1089 93 22 1090 111 24 1091 145 218 1092 91 164 1093 89 165 1094 161 219 1095 145 218 1096 95 216 1097 91 164 1098 145 218 1099 158 220 1100 54 133 1101 95 216 1102 52 134 1103 208 221 1104 95 216 1105 209 141 1106 162 222 1107 161 219 1108 208 221 1109 161 219 1110 95 216 1111 208 221 1112 161 219 1113 162 222 1114 163 223 1115 95 216 1116 54 133 1117 209 141 1118 160 224 1119 161 219 1120 163 223 1121 160 224 1122 158 220 1123 145 218 1124 161 219 1125 160 224 1126 145 218 1127 159 166 1128 91 164 1129 158 220 1130 105 47 1131 4 43 1132 184 225 1133 4 43 1134 7 40 1135 207 226 1136 184 225 1137 4 43 1138 207 226 1139 185 227 1140 105 47 1141 184 225 1142 186 228 1143 140 55 1144 185 227 1145 140 55 1146 105 47 1147 185 227 1148 72 57 1149 140 55 1150 186 228 1151 187 229 1152 72 57 1153 186 228 1154 188 230 1155 2 0 1156 187 229 1157 2 0 1158 72 57 1159 187 229 1160 0 1 1161 2 0 1162 188 230 1163 189 231 1164 0 1 1165 188 230 1166 0 1 1167 189 231 1168 190 232 1169 28 3 1170 0 1 1171 190 232 1172 28 3 1173 190 232 1174 191 233 1175 65 7 1176 28 3 1177 191 233 1178 65 7 1179 191 233 1180 192 234 1181 66 8 1182 65 7 1183 192 234 1184 66 8 1185 192 234 1186 193 235 1187 85 10 1188 66 8 1189 193 235 1190 194 236 1191 82 12 1192 193 235 1193 82 12 1194 85 10 1195 193 235 1196 26 14 1197 82 12 1198 194 236 1199 195 237 1200 26 14 1201 194 236 1202 196 238 1203 24 16 1204 195 237 1205 24 16 1206 26 14 1207 195 237 1208 20 19 1209 24 16 1210 196 238 1211 197 239 1212 20 19 1213 196 238 1214 198 240 1215 21 20 1216 197 239 1217 21 20 1218 20 19 1219 197 239 1220 92 23 1221 21 20 1222 198 240 1223 199 241 1224 92 23 1225 198 240 1226 92 23 1227 199 241 1228 200 242 1229 144 25 1230 92 23 1231 200 242 1232 144 25 1233 200 242 1234 201 243 1235 18 28 1236 144 25 1237 201 243 1238 18 28 1239 201 243 1240 202 244 1241 99 29 1242 18 28 1243 202 244 1244 99 29 1245 202 244 1246 203 245 1247 15 32 1248 99 29 1249 203 245 1250 15 32 1251 203 245 1252 204 246 1253 11 34 1254 15 32 1255 204 246 1256 11 34 1257 204 246 1258 205 247 1259 12 36 1260 11 34 1261 205 247 1262 206 248 1263 9 38 1264 205 247 1265 9 38 1266 12 36 1267 205 247 1268 7 40 1269 9 38 1270 206 248 1271 207 226 1272 7 40 1273 206 248 1274 251 249 1275 249 250 1276 250 251 1277 321 252 1278 249 250 1279 251 249 1280 252 253 1281 251 249 1282 250 251 1283 277 254 1284 252 253 1285 250 251 1286 278 255 1287 277 254 1288 250 251 1289 277 254 1290 278 255 1291 312 256 1292 314 257 1293 277 254 1294 312 256 1295 315 258 1296 314 257 1297 312 256 1298 313 259 1299 315 258 1300 312 256 1301 315 258 1302 313 259 1303 334 260 1304 313 259 1305 333 261 1306 334 260 1307 331 262 1308 334 260 1309 333 261 1310 332 263 1311 331 262 1312 333 261 1313 275 264 1314 331 262 1315 332 263 1316 273 265 1317 275 264 1318 332 263 1319 275 264 1320 273 265 1321 274 266 1322 276 267 1323 275 264 1324 274 266 1325 270 268 1326 269 269 1327 274 266 1328 269 269 1329 276 267 1330 274 266 1331 271 270 1332 269 269 1333 270 268 1334 272 271 1335 271 270 1336 270 268 1337 342 272 1338 341 273 1339 272 271 1340 341 273 1341 271 270 1342 272 271 1343 341 273 1344 342 272 1345 360 274 1346 393 275 1347 341 273 1348 360 274 1349 393 275 1350 360 274 1351 266 276 1352 268 277 1353 393 275 1354 266 276 1355 268 277 1356 266 276 1357 267 278 1358 348 279 1359 268 277 1360 267 278 1361 349 280 1362 348 279 1363 267 278 1364 264 281 1365 348 279 1366 347 282 1367 348 279 1368 349 280 1369 347 282 1370 265 283 1371 264 281 1372 347 282 1373 260 284 1374 264 281 1375 265 283 1376 261 285 1377 260 284 1378 265 283 1379 262 286 1380 260 284 1381 261 285 1382 258 287 1383 262 286 1384 263 288 1385 258 287 1386 256 289 1387 257 290 1388 259 291 1389 258 287 1390 257 290 1391 256 289 1392 258 287 1393 263 288 1394 263 288 1395 262 286 1396 261 285 1397 253 292 1398 259 291 1399 257 290 1400 337 293 1401 253 292 1402 257 290 1403 255 294 1404 253 292 1405 254 295 1406 355 296 1407 253 292 1408 354 297 1409 254 295 1410 253 292 1411 337 293 1412 253 292 1413 255 294 1414 354 297 1415 255 294 1416 254 295 1417 363 298 1418 254 295 1419 362 299 1420 363 298 1421 363 298 1422 362 299 1423 397 300 1424 362 299 1425 287 301 1426 396 302 1427 362 299 1428 396 302 1429 397 300 1430 358 303 1431 355 296 1432 354 297 1433 359 304 1434 355 296 1435 358 303 1436 355 296 1437 359 304 1438 390 305 1439 359 304 1440 389 306 1441 390 305 1442 322 307 1443 390 305 1444 389 306 1445 321 252 1446 322 307 1447 389 306 1448 322 307 1449 321 252 1450 251 249 1451 249 250 1452 279 308 1453 280 309 1454 279 308 1455 281 310 1456 280 309 1457 279 308 1458 249 250 1459 369 311 1460 279 308 1461 369 311 1462 281 310 1463 283 312 1464 281 310 1465 282 313 1466 281 310 1467 368 314 1468 280 309 1469 250 251 1470 249 250 1471 280 309 1472 250 251 1473 280 309 1474 309 315 1475 280 309 1476 368 314 1477 309 315 1478 368 314 1479 367 316 1480 309 315 1481 412 317 1482 367 316 1483 368 314 1484 412 317 1485 368 314 1486 281 310 1487 283 312 1488 412 317 1489 281 310 1490 412 317 1491 283 312 1492 411 318 1493 283 312 1494 282 313 1495 411 318 1496 411 318 1497 282 313 1498 233 73 1499 282 313 1500 232 74 1501 233 73 1502 411 318 1503 233 73 1504 234 72 1505 413 319 1506 412 317 1507 411 318 1508 413 319 1509 411 318 1510 234 72 1511 412 317 1512 413 319 1513 418 320 1514 367 316 1515 412 317 1516 418 320 1517 235 75 1518 418 320 1519 234 72 1520 418 320 1521 413 319 1522 234 72 1523 278 255 1524 250 251 1525 309 315 1526 249 250 1527 321 252 1528 369 311 1529 286 321 1530 284 322 1531 285 323 1532 376 324 1533 284 322 1534 286 321 1535 382 325 1536 284 322 1537 376 324 1538 285 323 1539 284 322 1540 385 326 1541 284 322 1542 382 325 1543 385 326 1544 356 327 1545 382 325 1546 376 324 1547 376 324 1548 375 328 1549 374 329 1550 356 327 1551 376 324 1552 374 329 1553 376 324 1554 286 321 1555 375 328 1556 286 321 1557 379 330 1558 375 328 1559 286 321 1560 381 331 1561 428 332 1562 286 321 1563 285 323 1564 380 333 1565 285 323 1566 386 334 1567 429 335 1568 285 323 1569 385 326 1570 386 334 1571 380 333 1572 285 323 1573 429 335 1574 381 331 1575 380 333 1576 223 95 1577 381 331 1578 286 321 1579 380 333 1580 286 321 1581 428 332 1582 379 330 1583 375 328 1584 379 330 1585 227 89 1586 379 330 1587 226 88 1588 227 89 1589 374 329 1590 375 328 1591 227 89 1592 228 93 1593 374 329 1594 227 89 1595 226 88 1596 379 330 1597 225 90 1598 379 330 1599 428 332 1600 225 90 1601 428 332 1602 381 331 1603 225 90 1604 381 331 1605 224 94 1606 225 90 1607 224 94 1608 381 331 1609 223 95 1610 429 335 1611 222 97 1612 223 95 1613 380 333 1614 429 335 1615 223 95 1616 289 336 1617 287 301 1618 288 337 1619 396 302 1620 287 301 1621 289 336 1622 290 338 1623 289 336 1624 288 337 1625 352 339 1626 289 336 1627 290 338 1628 352 339 1629 364 340 1630 289 336 1631 288 337 1632 219 109 1633 220 108 1634 290 338 1635 288 337 1636 220 108 1637 353 341 1638 352 339 1639 290 338 1640 353 341 1641 290 338 1642 220 108 1643 386 334 1644 352 339 1645 353 341 1646 429 335 1647 386 334 1648 353 341 1649 352 339 1650 387 342 1651 364 340 1652 387 342 1653 352 339 1654 386 334 1655 388 343 1656 364 340 1657 387 342 1658 385 326 1659 387 342 1660 386 334 1661 388 343 1662 378 344 1663 364 340 1664 364 340 1665 377 345 1666 395 346 1667 378 344 1668 377 345 1669 364 340 1670 364 340 1671 397 300 1672 289 336 1673 397 300 1674 396 302 1675 289 336 1676 397 300 1677 364 340 1678 395 346 1679 255 294 1680 395 346 1681 377 345 1682 395 346 1683 255 294 1684 363 298 1685 378 344 1686 354 297 1687 377 345 1688 378 344 1689 388 343 1690 398 347 1691 358 303 1692 378 344 1693 398 347 1694 382 325 1695 384 348 1696 388 343 1697 382 325 1698 388 343 1699 387 342 1700 388 343 1701 384 348 1702 398 347 1703 385 326 1704 382 325 1705 387 342 1706 354 297 1707 378 344 1708 358 303 1709 354 297 1710 255 294 1711 377 345 1712 363 298 1713 397 300 1714 395 346 1715 222 97 1716 429 335 1717 221 110 1718 221 110 1719 353 341 1720 220 108 1721 429 335 1722 353 341 1723 221 110 1724 293 349 1725 291 350 1726 292 351 1727 257 290 1728 256 289 1729 291 350 1730 293 349 1731 257 290 1732 291 350 1733 294 352 1734 293 349 1735 292 351 1736 335 353 1737 293 349 1738 294 352 1739 292 351 1740 216 122 1741 217 121 1742 294 352 1743 292 351 1744 217 121 1745 336 354 1746 335 353 1747 294 352 1748 336 354 1749 294 352 1750 217 121 1751 335 353 1752 336 354 1753 288 337 1754 288 337 1755 336 354 1756 218 123 1757 361 355 1758 335 353 1759 287 301 1760 287 301 1761 335 353 1762 288 337 1763 361 355 1764 293 349 1765 335 353 1766 257 290 1767 293 349 1768 361 355 1769 337 293 1770 257 290 1771 361 355 1772 337 293 1773 361 355 1774 362 299 1775 362 299 1776 361 355 1777 287 301 1778 254 295 1779 337 293 1780 362 299 1781 219 109 1782 288 337 1783 218 123 1784 218 123 1785 336 354 1786 217 121 1787 297 356 1788 295 357 1789 296 358 1790 295 357 1791 299 359 1792 300 360 1793 296 358 1794 295 357 1795 300 360 1796 297 356 1797 263 288 1798 295 357 1799 263 288 1800 261 285 1801 295 357 1802 295 357 1803 261 285 1804 299 359 1805 261 285 1806 265 283 1807 299 359 1808 263 288 1809 297 356 1810 291 350 1811 298 361 1812 297 356 1813 296 358 1814 297 356 1815 298 361 1816 292 351 1817 296 358 1818 300 360 1819 213 132 1820 214 131 1821 296 358 1822 213 132 1823 298 361 1824 296 358 1825 215 130 1826 296 358 1827 214 131 1828 215 130 1829 216 122 1830 292 351 1831 215 130 1832 292 351 1833 298 361 1834 215 130 1835 291 350 1836 297 356 1837 292 351 1838 256 289 1839 263 288 1840 291 350 1841 303 362 1842 301 363 1843 302 364 1844 301 363 1845 303 362 1846 267 278 1847 266 276 1848 301 363 1849 267 278 1850 349 280 1851 267 278 1852 303 362 1853 304 365 1854 303 362 1855 302 364 1856 351 366 1857 349 280 1858 303 362 1859 302 364 1860 209 141 1861 210 139 1862 304 365 1863 302 364 1864 210 139 1865 350 367 1866 304 365 1867 211 140 1868 304 365 1869 210 139 1870 211 140 1871 212 142 1872 346 368 1873 211 140 1874 346 368 1875 350 367 1876 211 140 1877 299 359 1878 345 369 1879 346 368 1880 300 360 1881 299 359 1882 346 368 1883 351 366 1884 350 367 1885 346 368 1886 345 369 1887 351 366 1888 346 368 1889 351 366 1890 345 369 1891 349 280 1892 345 369 1893 347 282 1894 349 280 1895 347 282 1896 345 369 1897 265 283 1898 345 369 1899 299 359 1900 265 283 1901 346 368 1902 212 142 1903 213 132 1904 300 360 1905 346 368 1906 213 132 1907 350 367 1908 351 366 1909 303 362 1910 304 365 1911 350 367 1912 303 362 1913 307 370 1914 305 371 1915 306 372 1916 305 371 1917 415 373 1918 306 372 1919 308 374 1920 307 370 1921 306 372 1922 308 374 1923 306 372 1924 327 375 1925 327 375 1926 306 372 1927 414 376 1928 415 373 1929 414 376 1930 306 372 1931 415 373 1932 242 176 1933 243 172 1934 414 376 1935 415 373 1936 243 172 1937 423 377 1938 414 376 1939 243 172 1940 423 377 1941 327 375 1942 414 376 1943 324 378 1944 327 375 1945 328 379 1946 324 378 1947 308 374 1948 327 375 1949 274 266 1950 308 374 1951 324 378 1952 308 374 1953 274 266 1954 273 265 1955 308 374 1956 273 265 1957 307 370 1958 270 268 1959 274 266 1960 324 378 1961 325 380 1962 323 381 1963 324 378 1964 326 382 1965 325 380 1966 324 378 1967 270 268 1968 324 378 1969 323 381 1970 324 378 1971 328 379 1972 326 382 1973 326 382 1974 328 379 1975 421 383 1976 328 379 1977 327 375 1978 423 377 1979 328 379 1980 424 384 1981 421 383 1982 424 384 1983 328 379 1984 423 377 1985 244 171 1986 423 377 1987 243 172 1988 245 173 1989 424 384 1990 244 171 1991 424 384 1992 245 173 1993 246 167 1994 421 383 1995 424 384 1996 246 167 1997 325 380 1998 326 382 1999 421 383 2000 422 385 2001 325 380 2002 421 383 2003 422 385 2004 427 386 2005 325 380 2006 325 380 2007 399 387 2008 338 388 2009 323 381 2010 325 380 2011 338 388 2012 342 272 2013 272 271 2014 323 381 2015 339 389 2016 323 381 2017 338 388 2018 272 271 2019 270 268 2020 323 381 2021 342 272 2022 323 381 2023 339 389 2024 340 390 2025 339 389 2026 338 388 2027 338 388 2028 399 387 2029 406 391 2030 399 387 2031 427 386 2032 405 392 2033 399 387 2034 405 392 2035 406 391 2036 427 386 2037 399 387 2038 325 380 2039 183 161 2040 427 386 2041 248 159 2042 427 386 2043 183 161 2044 405 392 2045 427 386 2046 422 385 2047 247 160 2048 247 160 2049 422 385 2050 246 167 2051 422 385 2052 421 383 2053 246 167 2054 248 159 2055 427 386 2056 247 160 2057 340 390 2058 338 388 2059 406 391 2060 407 393 2061 340 390 2062 406 391 2063 424 384 2064 423 377 2065 244 171 2066 312 256 2067 310 394 2068 311 395 2069 310 394 2070 312 256 2071 278 255 2072 310 394 2073 278 255 2074 309 315 2075 366 396 2076 310 394 2077 309 315 2078 366 396 2079 365 397 2080 310 394 2081 365 397 2082 311 395 2083 310 394 2084 313 259 2085 312 256 2086 311 395 2087 371 398 2088 313 259 2089 311 395 2090 371 398 2091 311 395 2092 365 397 2093 404 399 2094 371 398 2095 365 397 2096 419 400 2097 417 401 2098 365 397 2099 366 396 2100 419 400 2101 365 397 2102 367 316 2103 418 320 2104 366 396 2105 367 316 2106 366 396 2107 309 315 2108 418 320 2109 419 400 2110 366 396 2111 419 400 2112 418 320 2113 236 184 2114 417 401 2115 419 400 2116 236 184 2117 417 401 2118 416 402 2119 404 399 2120 365 397 2121 417 401 2122 404 399 2123 416 402 2124 417 401 2125 237 185 2126 238 188 2127 416 402 2128 237 185 2129 237 185 2130 417 401 2131 236 184 2132 418 320 2133 235 75 2134 236 184 2135 282 313 2136 281 310 2137 316 403 2138 281 310 2139 320 404 2140 318 405 2141 320 404 2142 281 310 2143 369 311 2144 316 403 2145 281 310 2146 318 405 2147 282 313 2148 316 403 2149 231 195 2150 316 403 2151 318 405 2152 231 195 2153 318 405 2154 230 194 2155 231 195 2156 232 74 2157 282 313 2158 231 195 2159 319 406 2160 317 407 2161 318 405 2162 320 404 2163 319 406 2164 318 405 2165 320 404 2166 373 408 2167 319 406 2168 320 404 2169 369 311 2170 373 408 2171 319 406 2172 373 408 2173 357 409 2174 373 408 2175 383 410 2176 357 409 2177 391 411 2178 373 408 2179 369 311 2180 321 252 2181 391 411 2182 369 311 2183 321 252 2184 389 306 2185 391 411 2186 391 411 2187 389 306 2188 359 304 2189 392 412 2190 391 411 2191 359 304 2192 373 408 2193 391 411 2194 392 412 2195 383 410 2196 373 408 2197 392 412 2198 382 325 2199 383 410 2200 384 348 2201 383 410 2202 392 412 2203 398 347 2204 382 325 2205 357 409 2206 383 410 2207 357 409 2208 356 327 2209 319 406 2210 319 406 2211 374 329 2212 317 407 2213 318 405 2214 317 407 2215 230 194 2216 317 407 2217 229 196 2218 230 194 2219 317 407 2220 374 329 2221 229 196 2222 374 329 2223 228 93 2224 229 196 2225 319 406 2226 356 327 2227 374 329 2228 382 325 2229 356 327 2230 357 409 2231 384 348 2232 383 410 2233 398 347 2234 358 303 2235 398 347 2236 392 412 2237 358 303 2238 392 412 2239 359 304 2240 307 370 2241 329 413 2242 330 414 2243 329 413 2244 332 263 2245 333 261 2246 372 415 2247 329 413 2248 333 261 2249 372 415 2250 401 416 2251 329 413 2252 401 416 2253 330 414 2254 329 413 2255 332 263 2256 329 413 2257 307 370 2258 305 371 2259 307 370 2260 330 414 2261 425 417 2262 330 414 2263 426 418 2264 330 414 2265 425 417 2266 415 373 2267 330 414 2268 401 416 2269 426 418 2270 305 371 2271 330 414 2272 415 373 2273 242 176 2274 415 373 2275 241 208 2276 415 373 2277 425 417 2278 241 208 2279 241 208 2280 425 417 2281 240 209 2282 425 417 2283 426 418 2284 240 209 2285 426 418 2286 401 416 2287 420 419 2288 240 209 2289 426 418 2290 239 211 2291 402 420 2292 400 421 2293 401 416 2294 372 415 2295 402 420 2296 401 416 2297 370 422 2298 372 415 2299 333 261 2300 370 422 2301 403 423 2302 372 415 2303 313 259 2304 370 422 2305 333 261 2306 371 398 2307 370 422 2308 313 259 2309 404 399 2310 370 422 2311 371 398 2312 404 399 2313 403 423 2314 370 422 2315 404 399 2316 400 421 2317 402 420 2318 404 399 2319 416 402 2320 400 421 2321 401 416 2322 400 421 2323 420 419 2324 420 419 2325 416 402 2326 239 211 2327 426 418 2328 420 419 2329 239 211 2330 416 402 2331 238 188 2332 239 211 2333 416 402 2334 420 419 2335 400 421 2336 402 420 2337 403 423 2338 404 399 2339 403 423 2340 402 420 2341 372 415 2342 273 265 2343 332 263 2344 307 370 2345 343 424 2346 302 364 2347 301 363 2348 302 364 2349 343 424 2350 209 141 2351 344 425 2352 343 424 2353 301 363 2354 394 426 2355 409 427 2356 343 424 2357 344 425 2358 394 426 2359 343 424 2360 301 363 2361 266 276 2362 344 425 2363 266 276 2364 360 274 2365 344 425 2366 344 425 2367 339 389 2368 394 426 2369 339 389 2370 344 425 2371 360 274 2372 339 389 2373 340 390 2374 394 426 2375 408 428 2376 410 429 2377 394 426 2378 394 426 2379 340 390 2380 408 428 2381 410 429 2382 409 427 2383 394 426 2384 409 427 2385 162 222 2386 208 221 2387 163 223 2388 162 222 2389 409 427 2390 163 223 2391 409 427 2392 410 429 2393 343 424 2394 409 427 2395 208 221 2396 343 424 2397 208 221 2398 209 141 2399 340 390 2400 407 393 2401 408 428 2402 342 272 2403 339 389 2404 360 274 2405 184 225 2406 253 292 2407 355 296 2408 207 226 2409 259 291 2410 253 292 2411 184 225 2412 207 226 2413 253 292 2414 185 227 2415 184 225 2416 355 296 2417 185 227 2418 355 296 2419 390 305 2420 186 228 2421 185 227 2422 390 305 2423 186 228 2424 390 305 2425 322 307 2426 187 229 2427 186 228 2428 322 307 2429 187 229 2430 322 307 2431 251 249 2432 188 230 2433 187 229 2434 251 249 2435 188 230 2436 251 249 2437 252 253 2438 189 231 2439 188 230 2440 252 253 2441 189 231 2442 252 253 2443 190 232 2444 252 253 2445 277 254 2446 190 232 2447 190 232 2448 277 254 2449 191 233 2450 277 254 2451 314 257 2452 191 233 2453 191 233 2454 314 257 2455 192 234 2456 314 257 2457 315 258 2458 192 234 2459 192 234 2460 315 258 2461 193 235 2462 315 258 2463 334 260 2464 193 235 2465 193 235 2466 334 260 2467 331 262 2468 194 236 2469 193 235 2470 331 262 2471 194 236 2472 331 262 2473 275 264 2474 195 237 2475 194 236 2476 275 264 2477 195 237 2478 275 264 2479 276 267 2480 196 238 2481 195 237 2482 276 267 2483 196 238 2484 276 267 2485 269 269 2486 197 239 2487 196 238 2488 269 269 2489 197 239 2490 269 269 2491 271 270 2492 198 240 2493 197 239 2494 271 270 2495 198 240 2496 271 270 2497 341 273 2498 199 241 2499 198 240 2500 341 273 2501 199 241 2502 341 273 2503 200 242 2504 341 273 2505 393 275 2506 200 242 2507 200 242 2508 393 275 2509 201 243 2510 393 275 2511 268 277 2512 201 243 2513 201 243 2514 268 277 2515 202 244 2516 268 277 2517 348 279 2518 202 244 2519 202 244 2520 348 279 2521 203 245 2522 348 279 2523 264 281 2524 203 245 2525 203 245 2526 264 281 2527 204 246 2528 264 281 2529 260 284 2530 204 246 2531 204 246 2532 260 284 2533 205 247 2534 260 284 2535 262 286 2536 205 247 2537 205 247 2538 262 286 2539 258 287 2540 206 248 2541 205 247 2542 258 287 2543 206 248 2544 258 287 2545 259 291 2546 207 226 2547 206 248 2548 259 291 2549 432 430 2550 430 431 2551 431 432 2552 435 433 2553 434 434 2554 430 431 2555 432 430 2556 435 433 2557 430 431 2558 431 432 2559 430 431 2560 440 435 2561 434 434 2562 444 436 2563 430 431 2564 444 436 2565 443 437 2566 430 431 2567 430 431 2568 443 437 2569 440 435 2570 443 437 2571 442 438 2572 440 435 2573 444 436 2574 434 434 2575 436 439 2576 436 439 2577 434 434 2578 435 433 2579 445 440 2580 444 436 2581 436 439 2582 437 441 2583 436 439 2584 435 433 2585 438 442 2586 436 439 2587 437 441 2588 451 443 2589 437 441 2590 435 433 2591 449 444 2592 435 433 2593 432 430 2594 433 445 2595 432 430 2596 431 432 2597 432 430 2598 447 446 2599 448 447 2600 449 444 2601 432 430 2602 448 447 2603 447 446 2604 432 430 2605 433 445 2606 447 446 2607 433 445 2608 455 448 2609 451 443 2610 435 433 2611 450 449 2612 435 433 2613 449 444 2614 450 449 2615 437 441 2616 451 443 2617 452 450 2618 453 451 2619 439 452 2620 437 441 2621 439 452 2622 438 442 2623 437 441 2624 453 451 2625 437 441 2626 452 450 2627 439 452 2628 453 451 2629 454 453 2630 438 442 2631 441 454 2632 436 439 2633 445 440 2634 436 439 2635 441 454 2636 446 455 2637 445 440 2638 441 454 2639 458 456 2640 456 457 2641 457 458 2642 473 459 2643 469 460 2644 456 457 2645 458 456 2646 473 459 2647 456 457 2648 459 461 2649 458 456 2650 457 458 2651 473 459 2652 471 462 2653 469 460 2654 471 462 2655 463 463 2656 469 460 2657 463 463 2658 471 462 2659 472 464 2660 471 462 2661 460 465 2662 472 464 2663 464 466 2664 463 463 2665 472 464 2666 472 464 2667 489 467 2668 483 468 2669 464 466 2670 472 464 2671 483 468 2672 488 469 2673 483 468 2674 489 467 2675 479 470 2676 489 467 2677 472 464 2678 461 471 2679 479 470 2680 472 464 2681 460 465 2682 461 471 2683 472 464 2684 490 472 2685 488 469 2686 489 467 2687 490 472 2688 476 473 2689 475 474 2690 488 469 2691 490 472 2692 475 474 2693 477 475 2694 475 474 2695 476 473 2696 478 476 2697 477 475 2698 476 473 2699 461 471 2700 460 465 2701 443 437 2702 443 437 2703 460 465 2704 442 438 2705 474 477 2706 442 438 2707 460 465 2708 444 436 2709 461 471 2710 443 437 2711 444 436 2712 445 440 2713 461 471 2714 445 440 2715 479 470 2716 461 471 2717 446 455 2718 479 470 2719 445 440 2720 446 455 2721 493 478 2722 479 470 2723 459 461 2724 457 458 2725 462 479 2726 482 480 2727 462 479 2728 457 458 2729 477 475 2730 482 480 2731 457 458 2732 477 475 2733 457 458 2734 491 481 2735 491 481 2736 457 458 2737 467 482 2738 477 475 2739 491 481 2740 485 483 2741 482 480 2742 477 475 2743 478 476 2744 482 480 2745 480 484 2746 481 485 2747 462 479 2748 482 480 2749 481 485 2750 462 479 2751 500 486 2752 459 461 2753 500 486 2754 501 487 2755 459 461 2756 497 488 2757 482 480 2758 478 476 2759 496 489 2760 497 488 2761 478 476 2762 465 490 2763 463 463 2764 464 466 2765 469 460 2766 463 463 2767 465 490 2768 466 491 2769 465 490 2770 464 466 2771 464 466 2772 483 468 2773 484 492 2774 466 491 2775 464 466 2776 484 492 2777 483 468 2778 488 469 2779 484 492 2780 488 469 2781 487 493 2782 484 492 2783 488 469 2784 475 474 2785 486 494 2786 487 493 2787 488 469 2788 486 494 2789 486 494 2790 475 474 2791 485 483 2792 475 474 2793 477 475 2794 485 483 2795 470 495 2796 469 460 2797 465 490 2798 470 495 2799 468 496 2800 469 460 2801 468 496 2802 456 457 2803 469 460 2804 468 496 2805 467 482 2806 456 457 2807 467 482 2808 457 458 2809 456 457 2810 486 494 2811 485 483 2812 491 481 2813 466 491 2814 491 481 2815 465 490 2816 491 481 2817 487 493 2818 486 494 2819 491 481 2820 467 482 2821 468 496 2822 470 495 2823 491 481 2824 468 496 2825 491 481 2826 470 495 2827 465 490 2828 466 491 2829 484 492 2830 491 481 2831 484 492 2832 487 493 2833 491 481 2834 492 497 2835 489 467 2836 479 470 2837 489 467 2838 492 497 2839 490 472 2840 493 478 2841 492 497 2842 479 470 2843 492 497 2844 494 498 2845 490 472 2846 490 472 2847 494 498 2848 476 473 2849 494 498 2850 495 499 2851 476 473 2852 476 473 2853 495 499 2854 478 476 2855 495 499 2856 496 489 2857 478 476 2858 497 488 2859 498 500 2860 480 484 2861 482 480 2862 497 488 2863 480 484 2864 481 485 2865 480 484 2866 498 500 2867 499 501 2868 481 485 2869 498 500 2870 499 501 2871 500 486 2872 462 479 2873 481 485 2874 499 501 2875 462 479 2876 501 487 2877 502 502 2878 458 456 2879 502 502 2880 503 503 2881 473 459 2882 458 456 2883 502 502 2884 473 459 2885 459 461 2886 501 487 2887 458 456 2888 473 459 2889 503 503 2890 471 462 2891 503 503 2892 504 504 2893 471 462 2894 471 462 2895 504 504 2896 460 465 2897 504 504 2898 474 477 2899 460 465 2900 431 432 2901 505 505 2902 506 506 2903 505 505 2904 507 507 2905 508 508 2906 506 506 2907 505 505 2908 508 508 2909 440 435 2910 505 505 2911 431 432 2912 507 507 2913 505 505 2914 512 509 2915 505 505 2916 511 510 2917 512 509 2918 505 505 2919 440 435 2920 511 510 2921 440 435 2922 442 438 2923 511 510 2924 507 507 2925 512 509 2926 510 511 2927 507 507 2928 510 511 2929 508 508 2930 508 508 2931 509 512 2932 518 513 2933 510 511 2934 509 512 2935 508 508 2936 506 506 2937 508 508 2938 516 514 2939 433 445 2940 431 432 2941 506 506 2942 515 515 2943 514 516 2944 506 506 2945 433 445 2946 506 506 2947 514 516 2948 515 515 2949 506 506 2950 516 514 2951 517 517 2952 516 514 2953 508 508 2954 517 517 2955 508 508 2956 518 513 2957 519 518 2958 518 513 2959 509 512 2960 509 512 2961 439 452 2962 520 519 2963 438 442 2964 439 452 2965 509 512 2966 510 511 2967 438 442 2968 509 512 2969 510 511 2970 513 520 2971 441 454 2972 510 511 2973 441 454 2974 438 442 2975 513 520 2976 446 455 2977 441 454 2978 512 509 2979 513 520 2980 510 511 2981 519 518 2982 509 512 2983 520 519 2984 454 453 2985 520 519 2986 439 452 2987 455 448 2988 433 445 2989 514 516 2990 405 392 2991 452 450 2992 451 443 2993 405 392 2994 453 451 2995 452 450 2996 406 391 2997 405 392 2998 451 443 2999 406 391 3000 451 443 3001 450 449 3002 408 428 3003 407 393 3004 406 391 3005 450 449 3006 408 428 3007 406 391 3008 408 428 3009 450 449 3010 449 444 3011 408 428 3012 449 444 3013 410 429 3014 410 429 3015 448 447 3016 447 446 3017 163 223 3018 410 429 3019 447 446 3020 449 444 3021 448 447 3022 410 429 3023 163 223 3024 514 516 3025 160 224 3026 163 223 3027 455 448 3028 514 516 3029 514 516 3030 515 515 3031 160 224 3032 160 224 3033 515 515 3034 516 514 3035 158 220 3036 160 224 3037 516 514 3038 158 220 3039 516 514 3040 517 517 3041 156 163 3042 159 166 3043 158 220 3044 517 517 3045 156 163 3046 158 220 3047 156 163 3048 517 517 3049 518 513 3050 156 163 3051 518 513 3052 157 162 3053 183 161 3054 157 162 3055 520 519 3056 157 162 3057 518 513 3058 519 518 3059 157 162 3060 519 518 3061 520 519 3062 183 161 3063 520 519 3064 454 453 3065 183 161 3066 454 453 3067 453 451 3068 183 161 3069 453 451 3070 405 392 3071 163 223 3072 447 446 3073 455 448 3074 523 521 3075 521 522 3076 522 523 3077 538 524 3078 522 523 3079 521 522 3080 535 525 3081 538 524 3082 521 522 3083 538 524 3084 535 525 3085 536 526 3086 535 525 3087 528 527 3088 536 526 3089 537 528 3090 536 526 3091 528 527 3092 536 526 3093 537 528 3094 525 529 3095 530 530 3096 537 528 3097 528 527 3098 547 531 3099 553 532 3100 537 528 3101 530 530 3102 547 531 3103 537 528 3104 543 533 3105 526 534 3106 537 528 3107 553 532 3108 543 533 3109 537 528 3110 537 528 3111 526 534 3112 525 529 3113 554 535 3114 553 532 3115 551 536 3116 553 532 3117 547 531 3118 551 536 3119 554 535 3120 551 536 3121 539 537 3122 541 538 3123 554 535 3124 539 537 3125 541 538 3126 539 537 3127 540 539 3128 542 540 3129 541 538 3130 540 539 3131 524 541 3132 523 521 3133 522 523 3134 511 510 3135 525 529 3136 526 534 3137 442 438 3138 525 529 3139 511 510 3140 525 529 3141 442 438 3142 474 477 3143 512 509 3144 511 510 3145 526 534 3146 512 509 3147 526 534 3148 513 520 3149 526 534 3150 543 533 3151 513 520 3152 513 520 3153 543 533 3154 446 455 3155 543 533 3156 493 478 3157 446 455 3158 527 542 3159 523 521 3160 524 541 3161 523 521 3162 527 542 3163 545 543 3164 540 539 3165 523 521 3166 545 543 3167 555 544 3168 523 521 3169 540 539 3170 532 545 3171 523 521 3172 555 544 3173 549 546 3174 555 544 3175 540 539 3176 542 540 3177 540 539 3178 545 543 3179 546 547 3180 544 548 3181 545 543 3182 527 542 3183 546 547 3184 545 543 3185 527 542 3186 524 541 3187 500 486 3188 524 541 3189 501 487 3190 500 486 3191 545 543 3192 497 488 3193 542 540 3194 497 488 3195 496 489 3196 542 540 3197 530 530 3198 528 527 3199 529 549 3200 528 527 3201 535 525 3202 529 549 3203 531 550 3204 530 530 3205 529 549 3206 535 525 3207 534 551 3208 529 549 3209 535 525 3210 521 522 3211 533 552 3212 534 551 3213 535 525 3214 533 552 3215 533 552 3216 521 522 3217 532 545 3218 521 522 3219 523 521 3220 532 545 3221 531 550 3222 548 553 3223 530 530 3224 548 553 3225 547 531 3226 530 530 3227 551 536 3228 547 531 3229 548 553 3230 552 554 3231 551 536 3232 548 553 3233 552 554 3234 550 555 3235 551 536 3236 550 555 3237 539 537 3238 551 536 3239 550 555 3240 549 546 3241 539 537 3242 549 546 3243 540 539 3244 539 537 3245 555 544 3246 549 546 3247 550 555 3248 550 555 3249 552 554 3250 555 544 3251 529 549 3252 555 544 3253 531 550 3254 529 549 3255 534 551 3256 555 544 3257 533 552 3258 532 545 3259 555 544 3260 555 544 3261 548 553 3262 531 550 3263 555 544 3264 552 554 3265 548 553 3266 533 552 3267 555 544 3268 534 551 3269 492 497 3270 493 478 3271 543 533 3272 553 532 3273 492 497 3274 543 533 3275 553 532 3276 554 535 3277 492 497 3278 554 535 3279 494 498 3280 492 497 3281 554 535 3282 541 538 3283 494 498 3284 541 538 3285 495 499 3286 494 498 3287 541 538 3288 542 540 3289 495 499 3290 542 540 3291 496 489 3292 495 499 3293 544 548 3294 498 500 3295 497 488 3296 545 543 3297 544 548 3298 497 488 3299 498 500 3300 544 548 3301 546 547 3302 499 501 3303 498 500 3304 546 547 3305 527 542 3306 500 486 3307 499 501 3308 546 547 3309 527 542 3310 499 501 3311 522 523 3312 502 502 3313 501 487 3314 538 524 3315 503 503 3316 502 502 3317 522 523 3318 538 524 3319 502 502 3320 524 541 3321 522 523 3322 501 487 3323 538 524 3324 536 526 3325 503 503 3326 536 526 3327 504 504 3328 503 503 3329 536 526 3330 525 529 3331 504 504 3332 525 529 3333 474 477 3334 504 504 3335</p>
        </triangles>
      </mesh>
    </geometry>
  </library_geometries>
  <library_controllers/>
  <library_visual_scenes>
    <visual_scene id="Scene" name="Scene">
      <node id="UniqueTombstone" name="UniqueTombstone" type="NODE">
        <matrix sid="transform">1 0 0 0 0 1 0 0 0 0 1 0 0 0 0 1</matrix>
        <instance_geometry url="#UniqueTombstone-mesh" name="UniqueTombstone">
          <bind_material>
            <technique_common>
              <instance_material symbol="UniqueTombstone-material" target="#UniqueTombstone-material"/>
            </technique_common>
          </bind_material>
        </instance_geometry>
      </node>
    </visual_scene>
  </library_visual_scenes>
  <scene>
    <instance_visual_scene url="#Scene"/>
  </scene>
</COLLADA>